name,rel,absolutePath,tags,playCount,lastPlayedAt
sample_03__cluster_245__0326__B__0326_B_029.wav,cluster_245/sample_03__cluster_245__0326__B__0326_B_029.wav,[uploaded]sample_03__cluster_245__0326__B__0326_B_029.wav,,1,2026-07-06T00:55:22.728Z
sample_02__cluster_245__0241__B__0241_B_024.wav,cluster_245/sample_02__cluster_245__0241__B__0241_B_024.wav,[uploaded]sample_02__cluster_245__0241__B__0241_B_024.wav,,1,2026-07-06T00:56:38.876Z
sample_02__cluster_077__0229__D__0229_D_000.wav,cluster_077/sample_02__cluster_077__0229__D__0229_D_000.wav,[uploaded]sample_02__cluster_077__0229__D__0229_D_000.wav,,1,2026-07-06T00:57:55.781Z
sample_01__cluster_077__0356__B__0356_B_008.wav,cluster_077/sample_01__cluster_077__0356__B__0356_B_008.wav,[uploaded]sample_01__cluster_077__0356__B__0356_B_008.wav,,1,2026-07-06T00:59:11.525Z
sample_03__cluster_077__0018__B__0018_B_000.wav,cluster_077/sample_03__cluster_077__0018__B__0018_B_000.wav,[uploaded]sample_03__cluster_077__0018__B__0018_B_000.wav,,1,2026-07-06T01:00:27.145Z
sample_02__cluster_083__0685__D__0685_D_007.wav,cluster_083/sample_02__cluster_083__0685__D__0685_D_007.wav,[uploaded]sample_02__cluster_083__0685__D__0685_D_007.wav,,1,2026-07-06T01:01:44.180Z
sample_03__cluster_083__0588__B__0588_B_014.wav,cluster_083/sample_03__cluster_083__0588__B__0588_B_014.wav,[uploaded]sample_03__cluster_083__0588__B__0588_B_014.wav,,1,2026-07-06T01:03:03.207Z
sample_01__cluster_083__0807__D__0807_D_007.wav,cluster_083/sample_01__cluster_083__0807__D__0807_D_007.wav,[uploaded]sample_01__cluster_083__0807__D__0807_D_007.wav,,1,2026-07-06T01:04:20.479Z
sample_01__cluster_048__0971__B__0971_B_021.wav,cluster_048/sample_01__cluster_048__0971__B__0971_B_021.wav,[uploaded]sample_01__cluster_048__0971__B__0971_B_021.wav,,1,2026-07-06T01:05:36.393Z
sample_03__cluster_048__0690__B__0690_B_005.wav,cluster_048/sample_03__cluster_048__0690__B__0690_B_005.wav,[uploaded]sample_03__cluster_048__0690__B__0690_B_005.wav,,1,2026-07-06T01:06:51.730Z
sample_02__cluster_048__0151__B__0151_B_028.wav,cluster_048/sample_02__cluster_048__0151__B__0151_B_028.wav,[uploaded]sample_02__cluster_048__0151__B__0151_B_028.wav,,1,2026-07-06T01:08:07.346Z
sample_01__cluster_084__0211__D__0211_D_004.wav,cluster_084/sample_01__cluster_084__0211__D__0211_D_004.wav,[uploaded]sample_01__cluster_084__0211__D__0211_D_004.wav,,1,2026-07-06T01:09:22.598Z
sample_02__cluster_084__0200__B__0200_B_020.wav,cluster_084/sample_02__cluster_084__0200__B__0200_B_020.wav,[uploaded]sample_02__cluster_084__0200__B__0200_B_020.wav,,1,2026-07-06T01:10:38.355Z
sample_03__cluster_084__0323__B__0323_B_027.wav,cluster_084/sample_03__cluster_084__0323__B__0323_B_027.wav,[uploaded]sample_03__cluster_084__0323__B__0323_B_027.wav,,1,2026-07-06T01:11:53.648Z
sample_02__cluster_070__0639__D__0639_D_003.wav,cluster_070/sample_02__cluster_070__0639__D__0639_D_003.wav,[uploaded]sample_02__cluster_070__0639__D__0639_D_003.wav,,1,2026-07-06T01:13:09.251Z
sample_01__cluster_070__0438__D__0438_D_021.wav,cluster_070/sample_01__cluster_070__0438__D__0438_D_021.wav,[uploaded]sample_01__cluster_070__0438__D__0438_D_021.wav,,1,2026-07-06T01:14:25.024Z
sample_03__cluster_070__0008__B__0008_B_059.wav,cluster_070/sample_03__cluster_070__0008__B__0008_B_059.wav,[uploaded]sample_03__cluster_070__0008__B__0008_B_059.wav,,1,2026-07-06T01:15:41.183Z
sample_01__cluster_242__0036__B__0036_B_013.wav,cluster_242/sample_01__cluster_242__0036__B__0036_B_013.wav,[uploaded]sample_01__cluster_242__0036__B__0036_B_013.wav,,1,2026-07-06T01:16:57.191Z
sample_03__cluster_242__0358__B__0358_B_011.wav,cluster_242/sample_03__cluster_242__0358__B__0358_B_011.wav,[uploaded]sample_03__cluster_242__0358__B__0358_B_011.wav,,1,2026-07-06T01:18:12.926Z
sample_02__cluster_242__1069__D__1069_D_008.wav,cluster_242/sample_02__cluster_242__1069__D__1069_D_008.wav,[uploaded]sample_02__cluster_242__1069__D__1069_D_008.wav,,1,2026-07-06T01:19:28.876Z
sample_03__cluster_229__0100__B__0100_B_013.wav,cluster_229/sample_03__cluster_229__0100__B__0100_B_013.wav,[uploaded]sample_03__cluster_229__0100__B__0100_B_013.wav,,1,2026-07-06T01:20:46.099Z
sample_02__cluster_229__0436__B__0436_B_009.wav,cluster_229/sample_02__cluster_229__0436__B__0436_B_009.wav,[uploaded]sample_02__cluster_229__0436__B__0436_B_009.wav,,1,2026-07-06T01:22:03.337Z
sample_01__cluster_229__0331__B__0331_B_018.wav,cluster_229/sample_01__cluster_229__0331__B__0331_B_018.wav,[uploaded]sample_01__cluster_229__0331__B__0331_B_018.wav,,1,2026-07-06T01:23:20.494Z
sample_01__cluster_216__0727__B__0727_B_017.wav,cluster_216/sample_01__cluster_216__0727__B__0727_B_017.wav,[uploaded]sample_01__cluster_216__0727__B__0727_B_017.wav,,1,2026-07-06T01:24:35.935Z
sample_03__cluster_216__0127__B__0127_B_009.wav,cluster_216/sample_03__cluster_216__0127__B__0127_B_009.wav,[uploaded]sample_03__cluster_216__0127__B__0127_B_009.wav,,1,2026-07-06T01:25:51.306Z
sample_02__cluster_216__0727__B__0727_B_009.wav,cluster_216/sample_02__cluster_216__0727__B__0727_B_009.wav,[uploaded]sample_02__cluster_216__0727__B__0727_B_009.wav,,1,2026-07-06T01:27:06.662Z
sample_03__cluster_024__0239__B__0239_B_009.wav,cluster_024/sample_03__cluster_024__0239__B__0239_B_009.wav,[uploaded]sample_03__cluster_024__0239__B__0239_B_009.wav,,1,2026-07-06T01:28:24.690Z
sample_02__cluster_024__0060__B__0060_B_000.wav,cluster_024/sample_02__cluster_024__0060__B__0060_B_000.wav,[uploaded]sample_02__cluster_024__0060__B__0060_B_000.wav,,1,2026-07-06T01:29:42.189Z
sample_01__cluster_024__0241__B__0241_B_019.wav,cluster_024/sample_01__cluster_024__0241__B__0241_B_019.wav,[uploaded]sample_01__cluster_024__0241__B__0241_B_019.wav,,1,2026-07-06T01:30:57.550Z
sample_03__cluster_023__0735__B__0735_B_024.wav,cluster_023/sample_03__cluster_023__0735__B__0735_B_024.wav,[uploaded]sample_03__cluster_023__0735__B__0735_B_024.wav,,1,2026-07-06T01:32:13.232Z
sample_01__cluster_023__0735__B__0735_B_006.wav,cluster_023/sample_01__cluster_023__0735__B__0735_B_006.wav,[uploaded]sample_01__cluster_023__0735__B__0735_B_006.wav,,1,2026-07-06T01:33:28.731Z
sample_02__cluster_023__0735__B__0735_B_007.wav,cluster_023/sample_02__cluster_023__0735__B__0735_B_007.wav,[uploaded]sample_02__cluster_023__0735__B__0735_B_007.wav,,1,2026-07-06T01:34:44.197Z
sample_02__cluster_211__0075__D__0075_D_021.wav,cluster_211/sample_02__cluster_211__0075__D__0075_D_021.wav,[uploaded]sample_02__cluster_211__0075__D__0075_D_021.wav,,1,2026-07-06T01:35:59.613Z
sample_01__cluster_211__0222__B__0222_B_021.wav,cluster_211/sample_01__cluster_211__0222__B__0222_B_021.wav,[uploaded]sample_01__cluster_211__0222__B__0222_B_021.wav,,1,2026-07-06T01:37:15.330Z
sample_03__cluster_211__0364__B__0364_B_018.wav,cluster_211/sample_03__cluster_211__0364__B__0364_B_018.wav,[uploaded]sample_03__cluster_211__0364__B__0364_B_018.wav,,1,2026-07-06T01:38:31.199Z
sample_02__cluster_218__0412__B__0412_B_005.wav,cluster_218/sample_02__cluster_218__0412__B__0412_B_005.wav,[uploaded]sample_02__cluster_218__0412__B__0412_B_005.wav,,1,2026-07-06T01:39:47.541Z
sample_03__cluster_218__0200__D__0200_D_001.wav,cluster_218/sample_03__cluster_218__0200__D__0200_D_001.wav,[uploaded]sample_03__cluster_218__0200__D__0200_D_001.wav,,1,2026-07-06T01:41:05.186Z
sample_01__cluster_218__0997__B__0997_B_016.wav,cluster_218/sample_01__cluster_218__0997__B__0997_B_016.wav,[uploaded]sample_01__cluster_218__0997__B__0997_B_016.wav,,1,2026-07-06T01:42:22.061Z
sample_03__cluster_015__0092__B__0092_B_013.wav,cluster_015/sample_03__cluster_015__0092__B__0092_B_013.wav,[uploaded]sample_03__cluster_015__0092__B__0092_B_013.wav,,1,2026-07-06T01:43:39.557Z
sample_02__cluster_015__0925__B__0925_B_022.wav,cluster_015/sample_02__cluster_015__0925__B__0925_B_022.wav,[uploaded]sample_02__cluster_015__0925__B__0925_B_022.wav,,1,2026-07-06T01:44:57.063Z
sample_01__cluster_015__0332__B__0332_B_027.wav,cluster_015/sample_01__cluster_015__0332__B__0332_B_027.wav,[uploaded]sample_01__cluster_015__0332__B__0332_B_027.wav,,1,2026-07-06T01:46:13.274Z
sample_03__cluster_227__0529__B__0529_B_005.wav,cluster_227/sample_03__cluster_227__0529__B__0529_B_005.wav,[uploaded]sample_03__cluster_227__0529__B__0529_B_005.wav,,1,2026-07-06T01:47:29.927Z
sample_02__cluster_227__0529__B__0529_B_008.wav,cluster_227/sample_02__cluster_227__0529__B__0529_B_008.wav,[uploaded]sample_02__cluster_227__0529__B__0529_B_008.wav,,1,2026-07-06T01:48:46.524Z
sample_01__cluster_227__0566__B__0566_B_010.wav,cluster_227/sample_01__cluster_227__0566__B__0566_B_010.wav,[uploaded]sample_01__cluster_227__0566__B__0566_B_010.wav,,1,2026-07-06T01:50:04.209Z
sample_02__cluster_220__0458__B__0458_B_017.wav,cluster_220/sample_02__cluster_220__0458__B__0458_B_017.wav,[uploaded]sample_02__cluster_220__0458__B__0458_B_017.wav,,1,2026-07-06T01:51:19.466Z
sample_01__cluster_220__0657__B__0657_B_002.wav,cluster_220/sample_01__cluster_220__0657__B__0657_B_002.wav,[uploaded]sample_01__cluster_220__0657__B__0657_B_002.wav,,1,2026-07-06T01:52:35.076Z
sample_03__cluster_220__0168__D__0168_D_003.wav,cluster_220/sample_03__cluster_220__0168__D__0168_D_003.wav,[uploaded]sample_03__cluster_220__0168__D__0168_D_003.wav,,1,2026-07-06T01:53:50.413Z
sample_01__cluster_012__0608__B__0608_B_013.wav,cluster_012/sample_01__cluster_012__0608__B__0608_B_013.wav,[uploaded]sample_01__cluster_012__0608__B__0608_B_013.wav,,1,2026-07-06T01:55:05.715Z
sample_03__cluster_012__0103__B__0103_B_022.wav,cluster_012/sample_03__cluster_012__0103__B__0103_B_022.wav,[uploaded]sample_03__cluster_012__0103__B__0103_B_022.wav,,1,2026-07-06T01:56:21.386Z
sample_02__cluster_012__0608__B__0608_B_008.wav,cluster_012/sample_02__cluster_012__0608__B__0608_B_008.wav,[uploaded]sample_02__cluster_012__0608__B__0608_B_008.wav,,1,2026-07-06T01:57:37.434Z
sample_01__cluster_243__1046__B__1046_B_026.wav,cluster_243/sample_01__cluster_243__1046__B__1046_B_026.wav,[uploaded]sample_01__cluster_243__1046__B__1046_B_026.wav,,1,2026-07-06T01:58:52.840Z
sample_03__cluster_243__1046__B__1046_B_016.wav,cluster_243/sample_03__cluster_243__1046__B__1046_B_016.wav,[uploaded]sample_03__cluster_243__1046__B__1046_B_016.wav,,1,2026-07-06T02:00:08.623Z
sample_02__cluster_243__0498__B__0498_B_022.wav,cluster_243/sample_02__cluster_243__0498__B__0498_B_022.wav,[uploaded]sample_02__cluster_243__0498__B__0498_B_022.wav,,1,2026-07-06T02:01:26.725Z
sample_02__cluster_071__0361__B__0361_B_003.wav,cluster_071/sample_02__cluster_071__0361__B__0361_B_003.wav,[uploaded]sample_02__cluster_071__0361__B__0361_B_003.wav,,1,2026-07-06T02:02:42.663Z
sample_01__cluster_071__0235__D__0235_D_001.wav,cluster_071/sample_01__cluster_071__0235__D__0235_D_001.wav,[uploaded]sample_01__cluster_071__0235__D__0235_D_001.wav,,1,2026-07-06T02:03:58.349Z
sample_03__cluster_071__0165__B__0165_B_007.wav,cluster_071/sample_03__cluster_071__0165__B__0165_B_007.wav,[uploaded]sample_03__cluster_071__0165__B__0165_B_007.wav,,1,2026-07-06T02:05:14.083Z
sample_02__cluster_085__0949__B__0949_B_000.wav,cluster_085/sample_02__cluster_085__0949__B__0949_B_000.wav,[uploaded]sample_02__cluster_085__0949__B__0949_B_000.wav,,1,2026-07-06T02:06:29.950Z
sample_01__cluster_085__0541__D__0541_D_007.wav,cluster_085/sample_01__cluster_085__0541__D__0541_D_007.wav,[uploaded]sample_01__cluster_085__0541__D__0541_D_007.wav,,1,2026-07-06T02:07:45.981Z
sample_03__cluster_085__0091__B__0091_B_008.wav,cluster_085/sample_03__cluster_085__0091__B__0091_B_008.wav,[uploaded]sample_03__cluster_085__0091__B__0091_B_008.wav,,1,2026-07-06T02:09:01.683Z
sample_01__cluster_082__0557__B__0557_B_007.wav,cluster_082/sample_01__cluster_082__0557__B__0557_B_007.wav,[uploaded]sample_01__cluster_082__0557__B__0557_B_007.wav,,1,2026-07-06T02:10:16.945Z
sample_02__cluster_082__0423__B__0423_B_003.wav,cluster_082/sample_02__cluster_082__0423__B__0423_B_003.wav,[uploaded]sample_02__cluster_082__0423__B__0423_B_003.wav,,1,2026-07-06T02:11:32.309Z
sample_03__cluster_082__0605__D__0605_D_018.wav,cluster_082/sample_03__cluster_082__0605__D__0605_D_018.wav,[uploaded]sample_03__cluster_082__0605__D__0605_D_018.wav,,1,2026-07-06T02:12:48.114Z
sample_03__cluster_076__0391__D__0391_D_026.wav,cluster_076/sample_03__cluster_076__0391__D__0391_D_026.wav,[uploaded]sample_03__cluster_076__0391__D__0391_D_026.wav,,1,2026-07-06T02:14:03.516Z
sample_02__cluster_076__0333__B__0333_B_014.wav,cluster_076/sample_02__cluster_076__0333__B__0333_B_014.wav,[uploaded]sample_02__cluster_076__0333__B__0333_B_014.wav,,1,2026-07-06T02:15:18.917Z
sample_01__cluster_076__1078__B__1078_B_002.wav,cluster_076/sample_01__cluster_076__1078__B__1078_B_002.wav,[uploaded]sample_01__cluster_076__1078__B__1078_B_002.wav,,1,2026-07-06T02:16:34.691Z
sample_02__cluster_244__0498__D__0498_D_013.wav,cluster_244/sample_02__cluster_244__0498__D__0498_D_013.wav,[uploaded]sample_02__cluster_244__0498__D__0498_D_013.wav,,1,2026-07-06T02:17:52.719Z
sample_01__cluster_244__0585__D__0585_D_002.wav,cluster_244/sample_01__cluster_244__0585__D__0585_D_002.wav,[uploaded]sample_01__cluster_244__0585__D__0585_D_002.wav,,1,2026-07-06T02:19:08.284Z
sample_03__cluster_244__0878__B__0878_B_006.wav,cluster_244/sample_03__cluster_244__0878__B__0878_B_006.wav,[uploaded]sample_03__cluster_244__0878__B__0878_B_006.wav,,1,2026-07-06T02:20:23.575Z
sample_01__cluster_049__0151__B__0151_B_032.wav,cluster_049/sample_01__cluster_049__0151__B__0151_B_032.wav,[uploaded]sample_01__cluster_049__0151__B__0151_B_032.wav,,1,2026-07-06T02:21:38.929Z
sample_02__cluster_049__0151__B__0151_B_039.wav,cluster_049/sample_02__cluster_049__0151__B__0151_B_039.wav,[uploaded]sample_02__cluster_049__0151__B__0151_B_039.wav,,1,2026-07-06T02:22:54.288Z
sample_03__cluster_049__0151__B__0151_B_038.wav,cluster_049/sample_03__cluster_049__0151__B__0151_B_038.wav,[uploaded]sample_03__cluster_049__0151__B__0151_B_038.wav,,1,2026-07-06T02:24:09.969Z
sample_01__cluster_040__0039__B__0039_B_020.wav,cluster_040/sample_01__cluster_040__0039__B__0039_B_020.wav,[uploaded]sample_01__cluster_040__0039__B__0039_B_020.wav,,1,2026-07-06T02:25:25.440Z
sample_02__cluster_040__0643__D__0643_D_002.wav,cluster_040/sample_02__cluster_040__0643__D__0643_D_002.wav,[uploaded]sample_02__cluster_040__0643__D__0643_D_002.wav,,1,2026-07-06T02:26:40.841Z
sample_03__cluster_040__0215__D__0215_D_008.wav,cluster_040/sample_03__cluster_040__0215__D__0215_D_008.wav,[uploaded]sample_03__cluster_040__0215__D__0215_D_008.wav,,1,2026-07-06T02:27:56.323Z
sample_03__cluster_047__0925__B__0925_B_015.wav,cluster_047/sample_03__cluster_047__0925__B__0925_B_015.wav,[uploaded]sample_03__cluster_047__0925__B__0925_B_015.wav,,1,2026-07-06T02:29:14.353Z
sample_01__cluster_047__0210__D__0210_D_005.wav,cluster_047/sample_01__cluster_047__0210__D__0210_D_005.wav,[uploaded]sample_01__cluster_047__0210__D__0210_D_005.wav,,1,2026-07-06T02:30:30.262Z
sample_02__cluster_047__0591__B__0591_B_009.wav,cluster_047/sample_02__cluster_047__0591__B__0591_B_009.wav,[uploaded]sample_02__cluster_047__0591__B__0591_B_009.wav,,1,2026-07-06T02:31:45.748Z
sample_03__cluster_078__0767__D__0767_D_018.wav,cluster_078/sample_03__cluster_078__0767__D__0767_D_018.wav,[uploaded]sample_03__cluster_078__0767__D__0767_D_018.wav,,1,2026-07-06T02:33:02.544Z
sample_02__cluster_078__1018__B__1018_B_024.wav,cluster_078/sample_02__cluster_078__1018__B__1018_B_024.wav,[uploaded]sample_02__cluster_078__1018__B__1018_B_024.wav,,1,2026-07-06T02:34:19.411Z
sample_01__cluster_078__0057__B__0057_B_007.wav,cluster_078/sample_01__cluster_078__0057__B__0057_B_007.wav,[uploaded]sample_01__cluster_078__0057__B__0057_B_007.wav,,1,2026-07-06T02:35:36.666Z
sample_02__cluster_013__0187__B__0187_B_014.wav,cluster_013/sample_02__cluster_013__0187__B__0187_B_014.wav,[uploaded]sample_02__cluster_013__0187__B__0187_B_014.wav,,1,2026-07-06T02:36:51.972Z
sample_03__cluster_013__0706__B__0706_B_011.wav,cluster_013/sample_03__cluster_013__0706__B__0706_B_011.wav,[uploaded]sample_03__cluster_013__0706__B__0706_B_011.wav,,1,2026-07-06T02:38:09.224Z
sample_01__cluster_013__0261__B__0261_B_010.wav,cluster_013/sample_01__cluster_013__0261__B__0261_B_010.wav,[uploaded]sample_01__cluster_013__0261__B__0261_B_010.wav,,1,2026-07-06T02:39:24.970Z
sample_02__cluster_221__0040__B__0040_B_012.wav,cluster_221/sample_02__cluster_221__0040__B__0040_B_012.wav,[uploaded]sample_02__cluster_221__0040__B__0040_B_012.wav,,1,2026-07-06T02:40:41.823Z
sample_03__cluster_221__0353__B__0353_B_020.wav,cluster_221/sample_03__cluster_221__0353__B__0353_B_020.wav,[uploaded]sample_03__cluster_221__0353__B__0353_B_020.wav,,1,2026-07-06T02:41:57.446Z
sample_01__cluster_221__0040__B__0040_B_024.wav,cluster_221/sample_01__cluster_221__0040__B__0040_B_024.wav,[uploaded]sample_01__cluster_221__0040__B__0040_B_024.wav,,1,2026-07-06T02:43:14.306Z
sample_01__cluster_219__0149__B__0149_B_010.wav,cluster_219/sample_01__cluster_219__0149__B__0149_B_010.wav,[uploaded]sample_01__cluster_219__0149__B__0149_B_010.wav,,1,2026-07-06T02:44:29.953Z
sample_02__cluster_219__1020__B__1020_B_003.wav,cluster_219/sample_02__cluster_219__1020__B__1020_B_003.wav,[uploaded]sample_02__cluster_219__1020__B__1020_B_003.wav,,1,2026-07-06T02:45:46.111Z
sample_03__cluster_219__0265__D__0265_D_003.wav,cluster_219/sample_03__cluster_219__0265__D__0265_D_003.wav,[uploaded]sample_03__cluster_219__0265__D__0265_D_003.wav,,1,2026-07-06T02:47:01.951Z
sample_02__cluster_226__0605__D__0605_D_012.wav,cluster_226/sample_02__cluster_226__0605__D__0605_D_012.wav,[uploaded]sample_02__cluster_226__0605__D__0605_D_012.wav,,1,2026-07-06T02:48:17.496Z
sample_01__cluster_226__0410__B__0410_B_020.wav,cluster_226/sample_01__cluster_226__0410__B__0410_B_020.wav,[uploaded]sample_01__cluster_226__0410__B__0410_B_020.wav,,1,2026-07-06T02:49:32.764Z
sample_03__cluster_226__0204__B__0204_B_027.wav,cluster_226/sample_03__cluster_226__0204__B__0204_B_027.wav,[uploaded]sample_03__cluster_226__0204__B__0204_B_027.wav,,1,2026-07-06T02:50:48.293Z
sample_01__cluster_014__0200__D__0200_D_006.wav,cluster_014/sample_01__cluster_014__0200__D__0200_D_006.wav,[uploaded]sample_01__cluster_014__0200__D__0200_D_006.wav,,1,2026-07-06T02:52:05.534Z
sample_02__cluster_014__0581__D__0581_D_001.wav,cluster_014/sample_02__cluster_014__0581__D__0581_D_001.wav,[uploaded]sample_02__cluster_014__0581__D__0581_D_001.wav,,1,2026-07-06T02:53:23.221Z
sample_03__cluster_014__0631__D__0631_D_003.wav,cluster_014/sample_03__cluster_014__0631__D__0631_D_003.wav,[uploaded]sample_03__cluster_014__0631__D__0631_D_003.wav,,1,2026-07-06T02:54:40.358Z
sample_03__cluster_210__0334__B__0334_B_010.wav,cluster_210/sample_03__cluster_210__0334__B__0334_B_010.wav,[uploaded]sample_03__cluster_210__0334__B__0334_B_010.wav,,1,2026-07-06T02:55:57.209Z
sample_02__cluster_210__0113__B__0113_B_008.wav,cluster_210/sample_02__cluster_210__0113__B__0113_B_008.wav,[uploaded]sample_02__cluster_210__0113__B__0113_B_008.wav,,1,2026-07-06T02:57:12.944Z
sample_01__cluster_210__0113__B__0113_B_005.wav,cluster_210/sample_01__cluster_210__0113__B__0113_B_005.wav,[uploaded]sample_01__cluster_210__0113__B__0113_B_005.wav,,1,2026-07-06T02:58:28.869Z
sample_02__cluster_022__0411__B__0411_B_019.wav,cluster_022/sample_02__cluster_022__0411__B__0411_B_019.wav,[uploaded]sample_02__cluster_022__0411__B__0411_B_019.wav,,1,2026-07-06T02:59:46.743Z
sample_03__cluster_022__0622__B__0622_B_022.wav,cluster_022/sample_03__cluster_022__0622__B__0622_B_022.wav,[uploaded]sample_03__cluster_022__0622__B__0622_B_022.wav,,1,2026-07-06T03:01:03.995Z
sample_01__cluster_022__0935__D__0935_D_001.wav,cluster_022/sample_01__cluster_022__0935__D__0935_D_001.wav,[uploaded]sample_01__cluster_022__0935__D__0935_D_001.wav,,1,2026-07-06T03:02:19.447Z
sample_03__cluster_228__1009__B__1009_B_012.wav,cluster_228/sample_03__cluster_228__1009__B__1009_B_012.wav,[uploaded]sample_03__cluster_228__1009__B__1009_B_012.wav,,1,2026-07-06T03:03:35.030Z
sample_01__cluster_228__0206__D__0206_D_008.wav,cluster_228/sample_01__cluster_228__0206__D__0206_D_008.wav,[uploaded]sample_01__cluster_228__0206__D__0206_D_008.wav,,1,2026-07-06T03:04:51.035Z
sample_02__cluster_228__0288__D__0288_D_000.wav,cluster_228/sample_02__cluster_228__0288__D__0288_D_000.wav,[uploaded]sample_02__cluster_228__0288__D__0288_D_000.wav,,1,2026-07-06T03:06:07.140Z
sample_01__cluster_025__0109__D__0109_D_028.wav,cluster_025/sample_01__cluster_025__0109__D__0109_D_028.wav,[uploaded]sample_01__cluster_025__0109__D__0109_D_028.wav,,1,2026-07-06T03:07:22.921Z
sample_02__cluster_025__0850__B__0850_B_009.wav,cluster_025/sample_02__cluster_025__0850__B__0850_B_009.wav,[uploaded]sample_02__cluster_025__0850__B__0850_B_009.wav,,1,2026-07-06T03:08:41.897Z
sample_03__cluster_025__0302__B__0302_B_015.wav,cluster_025/sample_03__cluster_025__0302__B__0302_B_015.wav,[uploaded]sample_03__cluster_025__0302__B__0302_B_015.wav,,1,2026-07-06T03:09:58.106Z
sample_01__cluster_217__0734__B__0734_B_000.wav,cluster_217/sample_01__cluster_217__0734__B__0734_B_000.wav,[uploaded]sample_01__cluster_217__0734__B__0734_B_000.wav,,1,2026-07-06T03:11:13.433Z
sample_03__cluster_217__0391__B__0391_B_022.wav,cluster_217/sample_03__cluster_217__0391__B__0391_B_022.wav,[uploaded]sample_03__cluster_217__0391__B__0391_B_022.wav,,1,2026-07-06T03:12:28.935Z
sample_02__cluster_217__0186__B__0186_B_044.wav,cluster_217/sample_02__cluster_217__0186__B__0186_B_044.wav,[uploaded]sample_02__cluster_217__0186__B__0186_B_044.wav,,1,2026-07-06T03:13:44.531Z
sample_03__cluster_157__0535__D__0535_D_003.wav,cluster_157/sample_03__cluster_157__0535__D__0535_D_003.wav,[uploaded]sample_03__cluster_157__0535__D__0535_D_003.wav,,1,2026-07-06T03:15:01.385Z
sample_01__cluster_157__0006__B__0006_B_019.wav,cluster_157/sample_01__cluster_157__0006__B__0006_B_019.wav,[uploaded]sample_01__cluster_157__0006__B__0006_B_019.wav,,1,2026-07-06T03:16:16.882Z
sample_02__cluster_157__0336__B__0336_B_004.wav,cluster_157/sample_02__cluster_157__0336__B__0336_B_004.wav,[uploaded]sample_02__cluster_157__0336__B__0336_B_004.wav,,1,2026-07-06T03:17:32.632Z
sample_03__cluster_168__0187__B__0187_B_019.wav,cluster_168/sample_03__cluster_168__0187__B__0187_B_019.wav,[uploaded]sample_03__cluster_168__0187__B__0187_B_019.wav,,1,2026-07-06T03:18:51.140Z
sample_01__cluster_168__0057__B__0057_B_005.wav,cluster_168/sample_01__cluster_168__0057__B__0057_B_005.wav,[uploaded]sample_01__cluster_168__0057__B__0057_B_005.wav,,1,2026-07-06T03:20:08.846Z
sample_02__cluster_168__0298__B__0298_B_001.wav,cluster_168/sample_02__cluster_168__0298__B__0298_B_001.wav,[uploaded]sample_02__cluster_168__0298__B__0298_B_001.wav,,1,2026-07-06T03:21:25.252Z
sample_01__cluster_150__0008__B__0008_B_054.wav,cluster_150/sample_01__cluster_150__0008__B__0008_B_054.wav,[uploaded]sample_01__cluster_150__0008__B__0008_B_054.wav,,1,2026-07-06T03:22:41.093Z
sample_02__cluster_150__0531__B__0531_B_003.wav,cluster_150/sample_02__cluster_150__0531__B__0531_B_003.wav,[uploaded]sample_02__cluster_150__0531__B__0531_B_003.wav,,1,2026-07-06T03:23:58.005Z
sample_03__cluster_150__0909__B__0909_B_002.wav,cluster_150/sample_03__cluster_150__0909__B__0909_B_002.wav,[uploaded]sample_03__cluster_150__0909__B__0909_B_002.wav,,1,2026-07-06T03:25:13.860Z
sample_02__cluster_166__0358__D__0358_D_019.wav,cluster_166/sample_02__cluster_166__0358__D__0358_D_019.wav,[uploaded]sample_02__cluster_166__0358__D__0358_D_019.wav,,1,2026-07-06T03:26:29.203Z
sample_03__cluster_166__0410__B__0410_B_044.wav,cluster_166/sample_03__cluster_166__0410__B__0410_B_044.wav,[uploaded]sample_03__cluster_166__0410__B__0410_B_044.wav,,1,2026-07-06T03:27:44.957Z
sample_01__cluster_166__0186__B__0186_B_038.wav,cluster_166/sample_01__cluster_166__0186__B__0186_B_038.wav,[uploaded]sample_01__cluster_166__0186__B__0186_B_038.wav,,1,2026-07-06T03:29:00.385Z
sample_01__cluster_192__0385__B__0385_B_000.wav,cluster_192/sample_01__cluster_192__0385__B__0385_B_000.wav,[uploaded]sample_01__cluster_192__0385__B__0385_B_000.wav,,1,2026-07-06T03:30:15.692Z
sample_03__cluster_192__0188__B__0188_B_014.wav,cluster_192/sample_03__cluster_192__0188__B__0188_B_014.wav,[uploaded]sample_03__cluster_192__0188__B__0188_B_014.wav,,1,2026-07-06T03:31:31.248Z
sample_02__cluster_192__0648__B__0648_B_011.wav,cluster_192/sample_02__cluster_192__0648__B__0648_B_011.wav,[uploaded]sample_02__cluster_192__0648__B__0648_B_011.wav,,1,2026-07-06T03:32:46.931Z
sample_01__cluster_159__0173__B__0173_B_003.wav,cluster_159/sample_01__cluster_159__0173__B__0173_B_003.wav,[uploaded]sample_01__cluster_159__0173__B__0173_B_003.wav,,1,2026-07-06T03:34:02.522Z
sample_02__cluster_159__0343__B__0343_B_011.wav,cluster_159/sample_02__cluster_159__0343__B__0343_B_011.wav,[uploaded]sample_02__cluster_159__0343__B__0343_B_011.wav,,1,2026-07-06T03:35:17.927Z
sample_03__cluster_159__0087__B__0087_B_000.wav,cluster_159/sample_03__cluster_159__0087__B__0087_B_000.wav,[uploaded]sample_03__cluster_159__0087__B__0087_B_000.wav,,1,2026-07-06T03:36:36.015Z
sample_03__cluster_195__0411__B__0411_B_011.wav,cluster_195/sample_03__cluster_195__0411__B__0411_B_011.wav,[uploaded]sample_03__cluster_195__0411__B__0411_B_011.wav,,1,2026-07-06T03:37:53.294Z
sample_01__cluster_195__0653__D__0653_D_009.wav,cluster_195/sample_01__cluster_195__0653__D__0653_D_009.wav,[uploaded]sample_01__cluster_195__0653__D__0653_D_009.wav,,1,2026-07-06T03:39:09.108Z
sample_02__cluster_195__0240__B__0240_B_030.wav,cluster_195/sample_02__cluster_195__0240__B__0240_B_030.wav,[uploaded]sample_02__cluster_195__0240__B__0240_B_030.wav,,1,2026-07-06T03:40:26.634Z
sample_02__cluster_161__0635__B__0635_B_012.wav,cluster_161/sample_02__cluster_161__0635__B__0635_B_012.wav,[uploaded]sample_02__cluster_161__0635__B__0635_B_012.wav,,1,2026-07-06T03:41:43.148Z
sample_03__cluster_161__0199__D__0199_D_001.wav,cluster_161/sample_03__cluster_161__0199__D__0199_D_001.wav,[uploaded]sample_03__cluster_161__0199__D__0199_D_001.wav,,1,2026-07-06T03:43:00.685Z
sample_01__cluster_161__0081__D__0081_D_001.wav,cluster_161/sample_01__cluster_161__0081__D__0081_D_001.wav,[uploaded]sample_01__cluster_161__0081__D__0081_D_001.wav,,1,2026-07-06T03:44:19.501Z
sample_02__cluster_135__0653__B__0653_B_009.wav,cluster_135/sample_02__cluster_135__0653__B__0653_B_009.wav,[uploaded]sample_02__cluster_135__0653__B__0653_B_009.wav,,1,2026-07-06T03:45:35.625Z
sample_01__cluster_135__0261__B__0261_B_009.wav,cluster_135/sample_01__cluster_135__0261__B__0261_B_009.wav,[uploaded]sample_01__cluster_135__0261__B__0261_B_009.wav,,1,2026-07-06T03:46:51.075Z
sample_03__cluster_135__0261__B__0261_B_014.wav,cluster_135/sample_03__cluster_135__0261__B__0261_B_014.wav,[uploaded]sample_03__cluster_135__0261__B__0261_B_014.wav,,1,2026-07-06T03:48:06.605Z
sample_01__cluster_132__0375__B__0375_B_010.wav,cluster_132/sample_01__cluster_132__0375__B__0375_B_010.wav,[uploaded]sample_01__cluster_132__0375__B__0375_B_010.wav,,1,2026-07-06T03:49:22.260Z
sample_03__cluster_132__1064__D__1064_D_015.wav,cluster_132/sample_03__cluster_132__1064__D__1064_D_015.wav,[uploaded]sample_03__cluster_132__1064__D__1064_D_015.wav,,1,2026-07-06T03:50:39.537Z
sample_02__cluster_132__1064__D__1064_D_010.wav,cluster_132/sample_02__cluster_132__1064__D__1064_D_010.wav,[uploaded]sample_02__cluster_132__1064__D__1064_D_010.wav,,1,2026-07-06T03:51:56.455Z
sample_03__cluster_104__0541__B__0541_B_028.wav,cluster_104/sample_03__cluster_104__0541__B__0541_B_028.wav,[uploaded]sample_03__cluster_104__0541__B__0541_B_028.wav,,1,2026-07-06T03:53:11.947Z
sample_02__cluster_104__0254__D__0254_D_015.wav,cluster_104/sample_02__cluster_104__0254__D__0254_D_015.wav,[uploaded]sample_02__cluster_104__0254__D__0254_D_015.wav,,1,2026-07-06T03:54:27.335Z
sample_01__cluster_104__0254__B__0254_B_008.wav,cluster_104/sample_01__cluster_104__0254__B__0254_B_008.wav,[uploaded]sample_01__cluster_104__0254__B__0254_B_008.wav,,1,2026-07-06T03:55:42.682Z
sample_02__cluster_103__0148__B__0148_B_005.wav,cluster_103/sample_02__cluster_103__0148__B__0148_B_005.wav,[uploaded]sample_02__cluster_103__0148__B__0148_B_005.wav,,1,2026-07-06T03:56:59.731Z
sample_03__cluster_103__0639__B__0639_B_007.wav,cluster_103/sample_03__cluster_103__0639__B__0639_B_007.wav,[uploaded]sample_03__cluster_103__0639__B__0639_B_007.wav,,1,2026-07-06T03:58:15.710Z
sample_01__cluster_103__0639__B__0639_B_000.wav,cluster_103/sample_01__cluster_103__0639__B__0639_B_000.wav,[uploaded]sample_01__cluster_103__0639__B__0639_B_000.wav,,1,2026-07-06T03:59:33.119Z
sample_02__cluster_160__1069__D__1069_D_011.wav,cluster_160/sample_02__cluster_160__1069__D__1069_D_011.wav,[uploaded]sample_02__cluster_160__1069__D__1069_D_011.wav,,1,2026-07-06T04:00:50.707Z
sample_03__cluster_160__0838__D__0838_D_001.wav,cluster_160/sample_03__cluster_160__0838__D__0838_D_001.wav,[uploaded]sample_03__cluster_160__0838__D__0838_D_001.wav,,1,2026-07-06T04:02:06.712Z
sample_01__cluster_160__0228__D__0228_D_011.wav,cluster_160/sample_01__cluster_160__0228__D__0228_D_011.wav,[uploaded]sample_01__cluster_160__0228__D__0228_D_011.wav,,1,2026-07-06T04:03:23.553Z
sample_01__cluster_194__0233__D__0233_D_004.wav,cluster_194/sample_01__cluster_194__0233__D__0233_D_004.wav,[uploaded]sample_01__cluster_194__0233__D__0233_D_004.wav,,1,2026-07-06T04:04:39.622Z
sample_03__cluster_194__0102__B__0102_B_034.wav,cluster_194/sample_03__cluster_194__0102__B__0102_B_034.wav,[uploaded]sample_03__cluster_194__0102__B__0102_B_034.wav,,1,2026-07-06T04:05:57.565Z
sample_02__cluster_194__0209__B__0209_B_014.wav,cluster_194/sample_02__cluster_194__0209__B__0209_B_014.wav,[uploaded]sample_02__cluster_194__0209__B__0209_B_014.wav,,1,2026-07-06T04:07:13.282Z
sample_01__cluster_193__0066__B__0066_B_010.wav,cluster_193/sample_01__cluster_193__0066__B__0066_B_010.wav,[uploaded]sample_01__cluster_193__0066__B__0066_B_010.wav,,1,2026-07-06T04:08:28.812Z
sample_02__cluster_193__0386__B__0386_B_029.wav,cluster_193/sample_02__cluster_193__0386__B__0386_B_029.wav,[uploaded]sample_02__cluster_193__0386__B__0386_B_029.wav,,1,2026-07-06T04:09:44.293Z
sample_03__cluster_193__0385__B__0385_B_053.wav,cluster_193/sample_03__cluster_193__0385__B__0385_B_053.wav,[uploaded]sample_03__cluster_193__0385__B__0385_B_053.wav,,1,2026-07-06T04:10:59.935Z
sample_01__cluster_167__0335__B__0335_B_008.wav,cluster_167/sample_01__cluster_167__0335__B__0335_B_008.wav,[uploaded]sample_01__cluster_167__0335__B__0335_B_008.wav,,1,2026-07-06T04:12:15.234Z
sample_02__cluster_167__0179__D__0179_D_018.wav,cluster_167/sample_02__cluster_167__0179__D__0179_D_018.wav,[uploaded]sample_02__cluster_167__0179__D__0179_D_018.wav,,1,2026-07-06T04:13:30.634Z
sample_03__cluster_167__0098__D__0098_D_005.wav,cluster_167/sample_03__cluster_167__0098__D__0098_D_005.wav,[uploaded]sample_03__cluster_167__0098__D__0098_D_005.wav,,1,2026-07-06T04:14:46.174Z
sample_03__cluster_158__0198__D__0198_D_008.wav,cluster_158/sample_03__cluster_158__0198__D__0198_D_008.wav,[uploaded]sample_03__cluster_158__0198__D__0198_D_008.wav,,1,2026-07-06T04:16:03.882Z
sample_02__cluster_158__0115__B__0115_B_001.wav,cluster_158/sample_02__cluster_158__0115__B__0115_B_001.wav,[uploaded]sample_02__cluster_158__0115__B__0115_B_001.wav,,1,2026-07-06T04:17:20.373Z
sample_01__cluster_158__0997__B__0997_B_013.wav,cluster_158/sample_01__cluster_158__0997__B__0997_B_013.wav,[uploaded]sample_01__cluster_158__0997__B__0997_B_013.wav,,1,2026-07-06T04:18:37.889Z
sample_02__cluster_151__1045__B__1045_B_006.wav,cluster_151/sample_02__cluster_151__1045__B__1045_B_006.wav,[uploaded]sample_02__cluster_151__1045__B__1045_B_006.wav,,1,2026-07-06T04:19:54.264Z
sample_03__cluster_151__1045__B__1045_B_013.wav,cluster_151/sample_03__cluster_151__1045__B__1045_B_013.wav,[uploaded]sample_03__cluster_151__1045__B__1045_B_013.wav,,1,2026-07-06T04:21:11.258Z
sample_01__cluster_151__1045__B__1045_B_017.wav,cluster_151/sample_01__cluster_151__1045__B__1045_B_017.wav,[uploaded]sample_01__cluster_151__1045__B__1045_B_017.wav,,1,2026-07-06T04:22:28.546Z
sample_02__cluster_156__0336__B__0336_B_009.wav,cluster_156/sample_02__cluster_156__0336__B__0336_B_009.wav,[uploaded]sample_02__cluster_156__0336__B__0336_B_009.wav,,1,2026-07-06T04:23:44.436Z
sample_01__cluster_156__0263__B__0263_B_037.wav,cluster_156/sample_01__cluster_156__0263__B__0263_B_037.wav,[uploaded]sample_01__cluster_156__0263__B__0263_B_037.wav,,1,2026-07-06T04:24:59.931Z
sample_03__cluster_156__0098__B__0098_B_011.wav,cluster_156/sample_03__cluster_156__0098__B__0098_B_011.wav,[uploaded]sample_03__cluster_156__0098__B__0098_B_011.wav,,1,2026-07-06T04:26:15.674Z
sample_01__cluster_169__1017__B__1017_B_011.wav,cluster_169/sample_01__cluster_169__1017__B__1017_B_011.wav,[uploaded]sample_01__cluster_169__1017__B__1017_B_011.wav,,1,2026-07-06T04:27:32.948Z
sample_03__cluster_169__0672__B__0672_B_022.wav,cluster_169/sample_03__cluster_169__0672__B__0672_B_022.wav,[uploaded]sample_03__cluster_169__0672__B__0672_B_022.wav,,1,2026-07-06T04:28:48.454Z
sample_02__cluster_169__0658__B__0658_B_029.wav,cluster_169/sample_02__cluster_169__0658__B__0658_B_029.wav,[uploaded]sample_02__cluster_169__0658__B__0658_B_029.wav,,1,2026-07-06T04:30:04.367Z
sample_01__cluster_102__0429__B__0429_B_004.wav,cluster_102/sample_01__cluster_102__0429__B__0429_B_004.wav,[uploaded]sample_01__cluster_102__0429__B__0429_B_004.wav,,1,2026-07-06T04:31:20.407Z
sample_03__cluster_102__0585__B__0585_B_005.wav,cluster_102/sample_03__cluster_102__0585__B__0585_B_005.wav,[uploaded]sample_03__cluster_102__0585__B__0585_B_005.wav,,1,2026-07-06T04:32:37.145Z
sample_02__cluster_102__0582__B__0582_B_010.wav,cluster_102/sample_02__cluster_102__0582__B__0582_B_010.wav,[uploaded]sample_02__cluster_102__0582__B__0582_B_010.wav,,1,2026-07-06T04:33:54.413Z
sample_02__cluster_105__0582__D__0582_D_018.wav,cluster_105/sample_02__cluster_105__0582__D__0582_D_018.wav,[uploaded]sample_02__cluster_105__0582__D__0582_D_018.wav,,1,2026-07-06T04:35:10.141Z
sample_01__cluster_105__0707__B__0707_B_014.wav,cluster_105/sample_01__cluster_105__0707__B__0707_B_014.wav,[uploaded]sample_01__cluster_105__0707__B__0707_B_014.wav,,1,2026-07-06T04:36:26.107Z
sample_03__cluster_105__0188__D__0188_D_010.wav,cluster_105/sample_03__cluster_105__0188__D__0188_D_010.wav,[uploaded]sample_03__cluster_105__0188__D__0188_D_010.wav,,1,2026-07-06T04:37:42.149Z
sample_02__cluster_133__1076__B__1076_B_019.wav,cluster_133/sample_02__cluster_133__1076__B__1076_B_019.wav,[uploaded]sample_02__cluster_133__1076__B__1076_B_019.wav,,1,2026-07-06T04:38:58.051Z
sample_03__cluster_133__1076__B__1076_B_023.wav,cluster_133/sample_03__cluster_133__1076__B__1076_B_023.wav,[uploaded]sample_03__cluster_133__1076__B__1076_B_023.wav,,1,2026-07-06T04:40:14.016Z
sample_01__cluster_133__1076__B__1076_B_017.wav,cluster_133/sample_01__cluster_133__1076__B__1076_B_017.wav,[uploaded]sample_01__cluster_133__1076__B__1076_B_017.wav,,1,2026-07-06T04:41:29.613Z
sample_02__cluster_134__0807__D__0807_D_009.wav,cluster_134/sample_02__cluster_134__0807__D__0807_D_009.wav,[uploaded]sample_02__cluster_134__0807__D__0807_D_009.wav,,1,2026-07-06T04:42:47.168Z
sample_01__cluster_134__0842__B__0842_B_023.wav,cluster_134/sample_01__cluster_134__0842__B__0842_B_023.wav,[uploaded]sample_01__cluster_134__0842__B__0842_B_023.wav,,1,2026-07-06T04:44:03.202Z
sample_03__cluster_134__0872__B__0872_B_000.wav,cluster_134/sample_03__cluster_134__0872__B__0872_B_000.wav,[uploaded]sample_03__cluster_134__0872__B__0872_B_000.wav,,1,2026-07-06T04:45:18.854Z
sample_03__cluster_184__0410__B__0410_B_005.wav,cluster_184/sample_03__cluster_184__0410__B__0410_B_005.wav,[uploaded]sample_03__cluster_184__0410__B__0410_B_005.wav,,1,2026-07-06T04:46:34.198Z
sample_01__cluster_184__1006__B__1006_B_013.wav,cluster_184/sample_01__cluster_184__1006__B__1006_B_013.wav,[uploaded]sample_01__cluster_184__1006__B__1006_B_013.wav,,1,2026-07-06T04:47:49.904Z
sample_02__cluster_184__0557__B__0557_B_015.wav,cluster_184/sample_02__cluster_184__0557__B__0557_B_015.wav,[uploaded]sample_02__cluster_184__0557__B__0557_B_015.wav,,1,2026-07-06T04:49:05.726Z
sample_01__cluster_170__0483__B__0483_B_007.wav,cluster_170/sample_01__cluster_170__0483__B__0483_B_007.wav,[uploaded]sample_01__cluster_170__0483__B__0483_B_007.wav,,1,2026-07-06T04:50:21.182Z
sample_02__cluster_170__0265__D__0265_D_002.wav,cluster_170/sample_02__cluster_170__0265__D__0265_D_002.wav,[uploaded]sample_02__cluster_170__0265__D__0265_D_002.wav,,1,2026-07-06T04:51:38.704Z
sample_03__cluster_170__1045__B__1045_B_001.wav,cluster_170/sample_03__cluster_170__1045__B__1045_B_001.wav,[uploaded]sample_03__cluster_170__1045__B__1045_B_001.wav,,1,2026-07-06T04:52:56.263Z
sample_03__cluster_148__0909__B__0909_B_030.wav,cluster_148/sample_03__cluster_148__0909__B__0909_B_030.wav,[uploaded]sample_03__cluster_148__0909__B__0909_B_030.wav,,1,2026-07-06T04:54:12.083Z
sample_02__cluster_148__0909__B__0909_B_009.wav,cluster_148/sample_02__cluster_148__0909__B__0909_B_009.wav,[uploaded]sample_02__cluster_148__0909__B__0909_B_009.wav,,1,2026-07-06T04:55:29.376Z
sample_01__cluster_148__0909__B__0909_B_008.wav,cluster_148/sample_01__cluster_148__0909__B__0909_B_008.wav,[uploaded]sample_01__cluster_148__0909__B__0909_B_008.wav,,1,2026-07-06T04:56:45.179Z
sample_02__cluster_177__0098__B__0098_B_015.wav,cluster_177/sample_02__cluster_177__0098__B__0098_B_015.wav,[uploaded]sample_02__cluster_177__0098__B__0098_B_015.wav,,1,2026-07-06T04:58:00.984Z
sample_01__cluster_177__0284__B__0284_B_007.wav,cluster_177/sample_01__cluster_177__0284__B__0284_B_007.wav,[uploaded]sample_01__cluster_177__0284__B__0284_B_007.wav,,1,2026-07-06T04:59:16.807Z
sample_03__cluster_177__0284__B__0284_B_012.wav,cluster_177/sample_03__cluster_177__0284__B__0284_B_012.wav,[uploaded]sample_03__cluster_177__0284__B__0284_B_012.wav,,1,2026-07-06T05:00:34.125Z
sample_03__cluster_183__0101__D__0101_D_007.wav,cluster_183/sample_03__cluster_183__0101__D__0101_D_007.wav,[uploaded]sample_03__cluster_183__0101__D__0101_D_007.wav,,1,2026-07-06T05:01:50.176Z
sample_01__cluster_183__0357__B__0357_B_011.wav,cluster_183/sample_01__cluster_183__0357__B__0357_B_011.wav,[uploaded]sample_01__cluster_183__0357__B__0357_B_011.wav,,1,2026-07-06T05:03:06.888Z
sample_02__cluster_183__0109__D__0109_D_003.wav,cluster_183/sample_02__cluster_183__0109__D__0109_D_003.wav,[uploaded]sample_02__cluster_183__0109__D__0109_D_003.wav,,1,2026-07-06T05:04:24.823Z
sample_01__cluster_141__0406__D__0406_D_020.wav,cluster_141/sample_01__cluster_141__0406__D__0406_D_020.wav,[uploaded]sample_01__cluster_141__0406__D__0406_D_020.wav,,1,2026-07-06T05:05:40.584Z
sample_02__cluster_141__0379__D__0379_D_004.wav,cluster_141/sample_02__cluster_141__0379__D__0379_D_004.wav,[uploaded]sample_02__cluster_141__0379__D__0379_D_004.wav,,1,2026-07-06T05:06:56.049Z
sample_03__cluster_141__0379__B__0379_B_009.wav,cluster_141/sample_03__cluster_141__0379__B__0379_B_009.wav,[uploaded]sample_03__cluster_141__0379__B__0379_B_009.wav,,1,2026-07-06T05:08:11.503Z
sample_01__cluster_179__0971__B__0971_B_011.wav,cluster_179/sample_01__cluster_179__0971__B__0971_B_011.wav,[uploaded]sample_01__cluster_179__0971__B__0971_B_011.wav,,1,2026-07-06T05:09:27.119Z
sample_03__cluster_179__0060__B__0060_B_028.wav,cluster_179/sample_03__cluster_179__0060__B__0060_B_028.wav,[uploaded]sample_03__cluster_179__0060__B__0060_B_028.wav,,1,2026-07-06T05:10:44.648Z
sample_02__cluster_179__0926__B__0926_B_001.wav,cluster_179/sample_02__cluster_179__0926__B__0926_B_001.wav,[uploaded]sample_02__cluster_179__0926__B__0926_B_001.wav,,1,2026-07-06T05:12:02.800Z
sample_01__cluster_146__0197__B__0197_B_030.wav,cluster_146/sample_01__cluster_146__0197__B__0197_B_030.wav,[uploaded]sample_01__cluster_146__0197__B__0197_B_030.wav,,1,2026-07-06T05:13:18.213Z
sample_02__cluster_146__0333__D__0333_D_006.wav,cluster_146/sample_02__cluster_146__0333__D__0333_D_006.wav,[uploaded]sample_02__cluster_146__0333__D__0333_D_006.wav,,1,2026-07-06T05:14:35.120Z
sample_03__cluster_146__0263__B__0263_B_045.wav,cluster_146/sample_03__cluster_146__0263__B__0263_B_045.wav,[uploaded]sample_03__cluster_146__0263__B__0263_B_045.wav,,1,2026-07-06T05:15:52.585Z
sample_03__cluster_112__0443__D__0443_D_012.wav,cluster_112/sample_03__cluster_112__0443__D__0443_D_012.wav,[uploaded]sample_03__cluster_112__0443__D__0443_D_012.wav,,1,2026-07-06T05:17:09.485Z
sample_01__cluster_112__0443__D__0443_D_006.wav,cluster_112/sample_01__cluster_112__0443__D__0443_D_006.wav,[uploaded]sample_01__cluster_112__0443__D__0443_D_006.wav,,1,2026-07-06T05:18:27.399Z
sample_02__cluster_112__0443__D__0443_D_009.wav,cluster_112/sample_02__cluster_112__0443__D__0443_D_009.wav,[uploaded]sample_02__cluster_112__0443__D__0443_D_009.wav,,1,2026-07-06T05:19:44.055Z
sample_01__cluster_115__0179__D__0179_D_016.wav,cluster_115/sample_01__cluster_115__0179__D__0179_D_016.wav,[uploaded]sample_01__cluster_115__0179__D__0179_D_016.wav,,1,2026-07-06T05:20:59.556Z
sample_02__cluster_115__0179__D__0179_D_017.wav,cluster_115/sample_02__cluster_115__0179__D__0179_D_017.wav,[uploaded]sample_02__cluster_115__0179__D__0179_D_017.wav,,1,2026-07-06T05:22:16.786Z
sample_03__cluster_115__0179__D__0179_D_011.wav,cluster_115/sample_03__cluster_115__0179__D__0179_D_011.wav,[uploaded]sample_03__cluster_115__0179__D__0179_D_011.wav,,1,2026-07-06T05:23:32.403Z
sample_01__cluster_123__0680__B__0680_B_024.wav,cluster_123/sample_01__cluster_123__0680__B__0680_B_024.wav,[uploaded]sample_01__cluster_123__0680__B__0680_B_024.wav,,1,2026-07-06T05:24:48.098Z
sample_02__cluster_123__0344__B__0344_B_010.wav,cluster_123/sample_02__cluster_123__0344__B__0344_B_010.wav,[uploaded]sample_02__cluster_123__0344__B__0344_B_010.wav,,1,2026-07-06T05:26:04.016Z
sample_03__cluster_123__0318__B__0318_B_031.wav,cluster_123/sample_03__cluster_123__0318__B__0318_B_031.wav,[uploaded]sample_03__cluster_123__0318__B__0318_B_031.wav,,1,2026-07-06T05:27:19.643Z
sample_01__cluster_124__0117__B__0117_B_009.wav,cluster_124/sample_01__cluster_124__0117__B__0117_B_009.wav,[uploaded]sample_01__cluster_124__0117__B__0117_B_009.wav,,1,2026-07-06T05:28:35.039Z
sample_03__cluster_124__0186__B__0186_B_058.wav,cluster_124/sample_03__cluster_124__0186__B__0186_B_058.wav,[uploaded]sample_03__cluster_124__0186__B__0186_B_058.wav,,1,2026-07-06T05:29:50.634Z
sample_02__cluster_124__0688__D__0688_D_006.wav,cluster_124/sample_02__cluster_124__0688__D__0688_D_006.wav,[uploaded]sample_02__cluster_124__0688__D__0688_D_006.wav,,1,2026-07-06T05:31:06.067Z
sample_03__cluster_178__0669__B__0669_B_014.wav,cluster_178/sample_03__cluster_178__0669__B__0669_B_014.wav,[uploaded]sample_03__cluster_178__0669__B__0669_B_014.wav,,1,2026-07-06T05:32:24.182Z
sample_02__cluster_178__0643__B__0643_B_013.wav,cluster_178/sample_02__cluster_178__0643__B__0643_B_013.wav,[uploaded]sample_02__cluster_178__0643__B__0643_B_013.wav,,1,2026-07-06T05:33:39.794Z
sample_01__cluster_178__0158__D__0158_D_012.wav,cluster_178/sample_01__cluster_178__0158__D__0158_D_012.wav,[uploaded]sample_01__cluster_178__0158__D__0158_D_012.wav,,1,2026-07-06T05:34:55.542Z
sample_01__cluster_147__0379__B__0379_B_027.wav,cluster_147/sample_01__cluster_147__0379__B__0379_B_027.wav,[uploaded]sample_01__cluster_147__0379__B__0379_B_027.wav,,1,2026-07-06T05:36:10.893Z
sample_03__cluster_147__0971__B__0971_B_025.wav,cluster_147/sample_03__cluster_147__0971__B__0971_B_025.wav,[uploaded]sample_03__cluster_147__0971__B__0971_B_025.wav,,1,2026-07-06T05:37:26.522Z
sample_02__cluster_147__0877__B__0877_B_010.wav,cluster_147/sample_02__cluster_147__0877__B__0877_B_010.wav,[uploaded]sample_02__cluster_147__0877__B__0877_B_010.wav,,1,2026-07-06T05:38:42.350Z
sample_03__cluster_140__0158__B__0158_B_014.wav,cluster_140/sample_03__cluster_140__0158__B__0158_B_014.wav,[uploaded]sample_03__cluster_140__0158__B__0158_B_014.wav,,1,2026-07-06T05:39:58.597Z
sample_01__cluster_140__0628__B__0628_B_011.wav,cluster_140/sample_01__cluster_140__0628__B__0628_B_011.wav,[uploaded]sample_01__cluster_140__0628__B__0628_B_011.wav,,1,2026-07-06T05:41:15.386Z
sample_02__cluster_140__0223__D__0223_D_012.wav,cluster_140/sample_02__cluster_140__0223__D__0223_D_012.wav,[uploaded]sample_02__cluster_140__0223__D__0223_D_012.wav,,1,2026-07-06T05:42:32.258Z
sample_01__cluster_149__0398__B__0398_B_015.wav,cluster_149/sample_01__cluster_149__0398__B__0398_B_015.wav,[uploaded]sample_01__cluster_149__0398__B__0398_B_015.wav,,1,2026-07-06T05:43:47.734Z
sample_02__cluster_149__0336__B__0336_B_010.wav,cluster_149/sample_02__cluster_149__0336__B__0336_B_010.wav,[uploaded]sample_02__cluster_149__0336__B__0336_B_010.wav,,1,2026-07-06T05:45:03.370Z
sample_03__cluster_149__0217__B__0217_B_013.wav,cluster_149/sample_03__cluster_149__0217__B__0217_B_013.wav,[uploaded]sample_03__cluster_149__0217__B__0217_B_013.wav,,1,2026-07-06T05:46:19.028Z
sample_01__cluster_182__0175__B__0175_B_018.wav,cluster_182/sample_01__cluster_182__0175__B__0175_B_018.wav,[uploaded]sample_01__cluster_182__0175__B__0175_B_018.wav,,1,2026-07-06T05:47:34.801Z
sample_02__cluster_182__0202__B__0202_B_037.wav,cluster_182/sample_02__cluster_182__0202__B__0202_B_037.wav,[uploaded]sample_02__cluster_182__0202__B__0202_B_037.wav,,1,2026-07-06T05:48:50.330Z
sample_03__cluster_182__0310__B__0310_B_005.wav,cluster_182/sample_03__cluster_182__0310__B__0310_B_005.wav,[uploaded]sample_03__cluster_182__0310__B__0310_B_005.wav,,1,2026-07-06T05:50:06.157Z
sample_02__cluster_116__0201__B__0201_B_018.wav,cluster_116/sample_02__cluster_116__0201__B__0201_B_018.wav,[uploaded]sample_02__cluster_116__0201__B__0201_B_018.wav,,1,2026-07-06T05:51:23.351Z
sample_02__cluster_116__0201__B__0201_B_018.wav,cluster_116/sample_02__cluster_116__0201__B__0201_B_018.wav,[uploaded]sample_02__cluster_116__0201__B__0201_B_018.wav,,1,2026-07-06T05:51:23.351Z
sample_03__cluster_245__0326__B__0326_B_029.wav,cluster_245/sample_03__cluster_245__0326__B__0326_B_029.wav,[uploaded]sample_03__cluster_245__0326__B__0326_B_029.wav,,1,2026-07-06T00:55:22.728Z
sample_02__cluster_245__0241__B__0241_B_024.wav,cluster_245/sample_02__cluster_245__0241__B__0241_B_024.wav,[uploaded]sample_02__cluster_245__0241__B__0241_B_024.wav,,1,2026-07-06T00:56:38.876Z
sample_02__cluster_077__0229__D__0229_D_000.wav,cluster_077/sample_02__cluster_077__0229__D__0229_D_000.wav,[uploaded]sample_02__cluster_077__0229__D__0229_D_000.wav,,1,2026-07-06T00:57:55.781Z
sample_01__cluster_077__0356__B__0356_B_008.wav,cluster_077/sample_01__cluster_077__0356__B__0356_B_008.wav,[uploaded]sample_01__cluster_077__0356__B__0356_B_008.wav,,1,2026-07-06T00:59:11.525Z
sample_03__cluster_077__0018__B__0018_B_000.wav,cluster_077/sample_03__cluster_077__0018__B__0018_B_000.wav,[uploaded]sample_03__cluster_077__0018__B__0018_B_000.wav,,1,2026-07-06T01:00:27.145Z
sample_02__cluster_083__0685__D__0685_D_007.wav,cluster_083/sample_02__cluster_083__0685__D__0685_D_007.wav,[uploaded]sample_02__cluster_083__0685__D__0685_D_007.wav,,1,2026-07-06T01:01:44.180Z
sample_03__cluster_083__0588__B__0588_B_014.wav,cluster_083/sample_03__cluster_083__0588__B__0588_B_014.wav,[uploaded]sample_03__cluster_083__0588__B__0588_B_014.wav,,1,2026-07-06T01:03:03.207Z
sample_01__cluster_083__0807__D__0807_D_007.wav,cluster_083/sample_01__cluster_083__0807__D__0807_D_007.wav,[uploaded]sample_01__cluster_083__0807__D__0807_D_007.wav,,1,2026-07-06T01:04:20.479Z
sample_01__cluster_048__0971__B__0971_B_021.wav,cluster_048/sample_01__cluster_048__0971__B__0971_B_021.wav,[uploaded]sample_01__cluster_048__0971__B__0971_B_021.wav,,1,2026-07-06T01:05:36.393Z
sample_03__cluster_048__0690__B__0690_B_005.wav,cluster_048/sample_03__cluster_048__0690__B__0690_B_005.wav,[uploaded]sample_03__cluster_048__0690__B__0690_B_005.wav,,1,2026-07-06T01:06:51.730Z
sample_02__cluster_048__0151__B__0151_B_028.wav,cluster_048/sample_02__cluster_048__0151__B__0151_B_028.wav,[uploaded]sample_02__cluster_048__0151__B__0151_B_028.wav,,1,2026-07-06T01:08:07.346Z
sample_01__cluster_084__0211__D__0211_D_004.wav,cluster_084/sample_01__cluster_084__0211__D__0211_D_004.wav,[uploaded]sample_01__cluster_084__0211__D__0211_D_004.wav,,1,2026-07-06T01:09:22.598Z
sample_02__cluster_084__0200__B__0200_B_020.wav,cluster_084/sample_02__cluster_084__0200__B__0200_B_020.wav,[uploaded]sample_02__cluster_084__0200__B__0200_B_020.wav,,1,2026-07-06T01:10:38.355Z
sample_03__cluster_084__0323__B__0323_B_027.wav,cluster_084/sample_03__cluster_084__0323__B__0323_B_027.wav,[uploaded]sample_03__cluster_084__0323__B__0323_B_027.wav,,1,2026-07-06T01:11:53.648Z
sample_02__cluster_070__0639__D__0639_D_003.wav,cluster_070/sample_02__cluster_070__0639__D__0639_D_003.wav,[uploaded]sample_02__cluster_070__0639__D__0639_D_003.wav,,1,2026-07-06T01:13:09.251Z
sample_01__cluster_070__0438__D__0438_D_021.wav,cluster_070/sample_01__cluster_070__0438__D__0438_D_021.wav,[uploaded]sample_01__cluster_070__0438__D__0438_D_021.wav,,1,2026-07-06T01:14:25.024Z
sample_03__cluster_070__0008__B__0008_B_059.wav,cluster_070/sample_03__cluster_070__0008__B__0008_B_059.wav,[uploaded]sample_03__cluster_070__0008__B__0008_B_059.wav,,1,2026-07-06T01:15:41.183Z
sample_01__cluster_242__0036__B__0036_B_013.wav,cluster_242/sample_01__cluster_242__0036__B__0036_B_013.wav,[uploaded]sample_01__cluster_242__0036__B__0036_B_013.wav,,1,2026-07-06T01:16:57.191Z
sample_03__cluster_242__0358__B__0358_B_011.wav,cluster_242/sample_03__cluster_242__0358__B__0358_B_011.wav,[uploaded]sample_03__cluster_242__0358__B__0358_B_011.wav,,1,2026-07-06T01:18:12.926Z
sample_02__cluster_242__1069__D__1069_D_008.wav,cluster_242/sample_02__cluster_242__1069__D__1069_D_008.wav,[uploaded]sample_02__cluster_242__1069__D__1069_D_008.wav,,1,2026-07-06T01:19:28.876Z
sample_03__cluster_229__0100__B__0100_B_013.wav,cluster_229/sample_03__cluster_229__0100__B__0100_B_013.wav,[uploaded]sample_03__cluster_229__0100__B__0100_B_013.wav,,1,2026-07-06T01:20:46.099Z
sample_02__cluster_229__0436__B__0436_B_009.wav,cluster_229/sample_02__cluster_229__0436__B__0436_B_009.wav,[uploaded]sample_02__cluster_229__0436__B__0436_B_009.wav,,1,2026-07-06T01:22:03.337Z
sample_01__cluster_229__0331__B__0331_B_018.wav,cluster_229/sample_01__cluster_229__0331__B__0331_B_018.wav,[uploaded]sample_01__cluster_229__0331__B__0331_B_018.wav,,1,2026-07-06T01:23:20.494Z
sample_01__cluster_216__0727__B__0727_B_017.wav,cluster_216/sample_01__cluster_216__0727__B__0727_B_017.wav,[uploaded]sample_01__cluster_216__0727__B__0727_B_017.wav,,1,2026-07-06T01:24:35.935Z
sample_03__cluster_216__0127__B__0127_B_009.wav,cluster_216/sample_03__cluster_216__0127__B__0127_B_009.wav,[uploaded]sample_03__cluster_216__0127__B__0127_B_009.wav,,1,2026-07-06T01:25:51.306Z
sample_02__cluster_216__0727__B__0727_B_009.wav,cluster_216/sample_02__cluster_216__0727__B__0727_B_009.wav,[uploaded]sample_02__cluster_216__0727__B__0727_B_009.wav,,1,2026-07-06T01:27:06.662Z
sample_03__cluster_024__0239__B__0239_B_009.wav,cluster_024/sample_03__cluster_024__0239__B__0239_B_009.wav,[uploaded]sample_03__cluster_024__0239__B__0239_B_009.wav,,1,2026-07-06T01:28:24.690Z
sample_02__cluster_024__0060__B__0060_B_000.wav,cluster_024/sample_02__cluster_024__0060__B__0060_B_000.wav,[uploaded]sample_02__cluster_024__0060__B__0060_B_000.wav,,1,2026-07-06T01:29:42.189Z
sample_01__cluster_024__0241__B__0241_B_019.wav,cluster_024/sample_01__cluster_024__0241__B__0241_B_019.wav,[uploaded]sample_01__cluster_024__0241__B__0241_B_019.wav,,1,2026-07-06T01:30:57.550Z
sample_03__cluster_023__0735__B__0735_B_024.wav,cluster_023/sample_03__cluster_023__0735__B__0735_B_024.wav,[uploaded]sample_03__cluster_023__0735__B__0735_B_024.wav,,1,2026-07-06T01:32:13.232Z
sample_01__cluster_023__0735__B__0735_B_006.wav,cluster_023/sample_01__cluster_023__0735__B__0735_B_006.wav,[uploaded]sample_01__cluster_023__0735__B__0735_B_006.wav,,1,2026-07-06T01:33:28.731Z
sample_02__cluster_023__0735__B__0735_B_007.wav,cluster_023/sample_02__cluster_023__0735__B__0735_B_007.wav,[uploaded]sample_02__cluster_023__0735__B__0735_B_007.wav,,1,2026-07-06T01:34:44.197Z
sample_02__cluster_211__0075__D__0075_D_021.wav,cluster_211/sample_02__cluster_211__0075__D__0075_D_021.wav,[uploaded]sample_02__cluster_211__0075__D__0075_D_021.wav,,1,2026-07-06T01:35:59.613Z
sample_01__cluster_211__0222__B__0222_B_021.wav,cluster_211/sample_01__cluster_211__0222__B__0222_B_021.wav,[uploaded]sample_01__cluster_211__0222__B__0222_B_021.wav,,1,2026-07-06T01:37:15.330Z
sample_03__cluster_211__0364__B__0364_B_018.wav,cluster_211/sample_03__cluster_211__0364__B__0364_B_018.wav,[uploaded]sample_03__cluster_211__0364__B__0364_B_018.wav,,1,2026-07-06T01:38:31.199Z
sample_02__cluster_218__0412__B__0412_B_005.wav,cluster_218/sample_02__cluster_218__0412__B__0412_B_005.wav,[uploaded]sample_02__cluster_218__0412__B__0412_B_005.wav,,1,2026-07-06T01:39:47.541Z
sample_03__cluster_218__0200__D__0200_D_001.wav,cluster_218/sample_03__cluster_218__0200__D__0200_D_001.wav,[uploaded]sample_03__cluster_218__0200__D__0200_D_001.wav,,1,2026-07-06T01:41:05.186Z
sample_01__cluster_218__0997__B__0997_B_016.wav,cluster_218/sample_01__cluster_218__0997__B__0997_B_016.wav,[uploaded]sample_01__cluster_218__0997__B__0997_B_016.wav,,1,2026-07-06T01:42:22.061Z
sample_03__cluster_015__0092__B__0092_B_013.wav,cluster_015/sample_03__cluster_015__0092__B__0092_B_013.wav,[uploaded]sample_03__cluster_015__0092__B__0092_B_013.wav,,1,2026-07-06T01:43:39.557Z
sample_02__cluster_015__0925__B__0925_B_022.wav,cluster_015/sample_02__cluster_015__0925__B__0925_B_022.wav,[uploaded]sample_02__cluster_015__0925__B__0925_B_022.wav,,1,2026-07-06T01:44:57.063Z
sample_01__cluster_015__0332__B__0332_B_027.wav,cluster_015/sample_01__cluster_015__0332__B__0332_B_027.wav,[uploaded]sample_01__cluster_015__0332__B__0332_B_027.wav,,1,2026-07-06T01:46:13.274Z
sample_03__cluster_227__0529__B__0529_B_005.wav,cluster_227/sample_03__cluster_227__0529__B__0529_B_005.wav,[uploaded]sample_03__cluster_227__0529__B__0529_B_005.wav,,1,2026-07-06T01:47:29.927Z
sample_02__cluster_227__0529__B__0529_B_008.wav,cluster_227/sample_02__cluster_227__0529__B__0529_B_008.wav,[uploaded]sample_02__cluster_227__0529__B__0529_B_008.wav,,1,2026-07-06T01:48:46.524Z
sample_01__cluster_227__0566__B__0566_B_010.wav,cluster_227/sample_01__cluster_227__0566__B__0566_B_010.wav,[uploaded]sample_01__cluster_227__0566__B__0566_B_010.wav,,1,2026-07-06T01:50:04.209Z
sample_02__cluster_220__0458__B__0458_B_017.wav,cluster_220/sample_02__cluster_220__0458__B__0458_B_017.wav,[uploaded]sample_02__cluster_220__0458__B__0458_B_017.wav,,1,2026-07-06T01:51:19.466Z
sample_01__cluster_220__0657__B__0657_B_002.wav,cluster_220/sample_01__cluster_220__0657__B__0657_B_002.wav,[uploaded]sample_01__cluster_220__0657__B__0657_B_002.wav,,1,2026-07-06T01:52:35.076Z
sample_03__cluster_220__0168__D__0168_D_003.wav,cluster_220/sample_03__cluster_220__0168__D__0168_D_003.wav,[uploaded]sample_03__cluster_220__0168__D__0168_D_003.wav,,1,2026-07-06T01:53:50.413Z
sample_01__cluster_012__0608__B__0608_B_013.wav,cluster_012/sample_01__cluster_012__0608__B__0608_B_013.wav,[uploaded]sample_01__cluster_012__0608__B__0608_B_013.wav,,1,2026-07-06T01:55:05.715Z
sample_03__cluster_012__0103__B__0103_B_022.wav,cluster_012/sample_03__cluster_012__0103__B__0103_B_022.wav,[uploaded]sample_03__cluster_012__0103__B__0103_B_022.wav,,1,2026-07-06T01:56:21.386Z
sample_02__cluster_012__0608__B__0608_B_008.wav,cluster_012/sample_02__cluster_012__0608__B__0608_B_008.wav,[uploaded]sample_02__cluster_012__0608__B__0608_B_008.wav,,1,2026-07-06T01:57:37.434Z
sample_01__cluster_243__1046__B__1046_B_026.wav,cluster_243/sample_01__cluster_243__1046__B__1046_B_026.wav,[uploaded]sample_01__cluster_243__1046__B__1046_B_026.wav,,1,2026-07-06T01:58:52.840Z
sample_03__cluster_243__1046__B__1046_B_016.wav,cluster_243/sample_03__cluster_243__1046__B__1046_B_016.wav,[uploaded]sample_03__cluster_243__1046__B__1046_B_016.wav,,1,2026-07-06T02:00:08.623Z
sample_02__cluster_243__0498__B__0498_B_022.wav,cluster_243/sample_02__cluster_243__0498__B__0498_B_022.wav,[uploaded]sample_02__cluster_243__0498__B__0498_B_022.wav,,1,2026-07-06T02:01:26.725Z
sample_02__cluster_071__0361__B__0361_B_003.wav,cluster_071/sample_02__cluster_071__0361__B__0361_B_003.wav,[uploaded]sample_02__cluster_071__0361__B__0361_B_003.wav,,1,2026-07-06T02:02:42.663Z
sample_01__cluster_071__0235__D__0235_D_001.wav,cluster_071/sample_01__cluster_071__0235__D__0235_D_001.wav,[uploaded]sample_01__cluster_071__0235__D__0235_D_001.wav,,1,2026-07-06T02:03:58.349Z
sample_03__cluster_071__0165__B__0165_B_007.wav,cluster_071/sample_03__cluster_071__0165__B__0165_B_007.wav,[uploaded]sample_03__cluster_071__0165__B__0165_B_007.wav,,1,2026-07-06T02:05:14.083Z
sample_02__cluster_085__0949__B__0949_B_000.wav,cluster_085/sample_02__cluster_085__0949__B__0949_B_000.wav,[uploaded]sample_02__cluster_085__0949__B__0949_B_000.wav,,1,2026-07-06T02:06:29.950Z
sample_01__cluster_085__0541__D__0541_D_007.wav,cluster_085/sample_01__cluster_085__0541__D__0541_D_007.wav,[uploaded]sample_01__cluster_085__0541__D__0541_D_007.wav,,1,2026-07-06T02:07:45.981Z
sample_03__cluster_085__0091__B__0091_B_008.wav,cluster_085/sample_03__cluster_085__0091__B__0091_B_008.wav,[uploaded]sample_03__cluster_085__0091__B__0091_B_008.wav,,1,2026-07-06T02:09:01.683Z
sample_01__cluster_082__0557__B__0557_B_007.wav,cluster_082/sample_01__cluster_082__0557__B__0557_B_007.wav,[uploaded]sample_01__cluster_082__0557__B__0557_B_007.wav,,1,2026-07-06T02:10:16.945Z
sample_02__cluster_082__0423__B__0423_B_003.wav,cluster_082/sample_02__cluster_082__0423__B__0423_B_003.wav,[uploaded]sample_02__cluster_082__0423__B__0423_B_003.wav,,1,2026-07-06T02:11:32.309Z
sample_03__cluster_082__0605__D__0605_D_018.wav,cluster_082/sample_03__cluster_082__0605__D__0605_D_018.wav,[uploaded]sample_03__cluster_082__0605__D__0605_D_018.wav,,1,2026-07-06T02:12:48.114Z
sample_03__cluster_076__0391__D__0391_D_026.wav,cluster_076/sample_03__cluster_076__0391__D__0391_D_026.wav,[uploaded]sample_03__cluster_076__0391__D__0391_D_026.wav,,1,2026-07-06T02:14:03.516Z
sample_02__cluster_076__0333__B__0333_B_014.wav,cluster_076/sample_02__cluster_076__0333__B__0333_B_014.wav,[uploaded]sample_02__cluster_076__0333__B__0333_B_014.wav,,1,2026-07-06T02:15:18.917Z
sample_01__cluster_076__1078__B__1078_B_002.wav,cluster_076/sample_01__cluster_076__1078__B__1078_B_002.wav,[uploaded]sample_01__cluster_076__1078__B__1078_B_002.wav,,1,2026-07-06T02:16:34.691Z
sample_02__cluster_244__0498__D__0498_D_013.wav,cluster_244/sample_02__cluster_244__0498__D__0498_D_013.wav,[uploaded]sample_02__cluster_244__0498__D__0498_D_013.wav,,1,2026-07-06T02:17:52.719Z
sample_01__cluster_244__0585__D__0585_D_002.wav,cluster_244/sample_01__cluster_244__0585__D__0585_D_002.wav,[uploaded]sample_01__cluster_244__0585__D__0585_D_002.wav,,1,2026-07-06T02:19:08.284Z
sample_03__cluster_244__0878__B__0878_B_006.wav,cluster_244/sample_03__cluster_244__0878__B__0878_B_006.wav,[uploaded]sample_03__cluster_244__0878__B__0878_B_006.wav,,1,2026-07-06T02:20:23.575Z
sample_01__cluster_049__0151__B__0151_B_032.wav,cluster_049/sample_01__cluster_049__0151__B__0151_B_032.wav,[uploaded]sample_01__cluster_049__0151__B__0151_B_032.wav,,1,2026-07-06T02:21:38.929Z
sample_02__cluster_049__0151__B__0151_B_039.wav,cluster_049/sample_02__cluster_049__0151__B__0151_B_039.wav,[uploaded]sample_02__cluster_049__0151__B__0151_B_039.wav,,1,2026-07-06T02:22:54.288Z
sample_03__cluster_049__0151__B__0151_B_038.wav,cluster_049/sample_03__cluster_049__0151__B__0151_B_038.wav,[uploaded]sample_03__cluster_049__0151__B__0151_B_038.wav,,1,2026-07-06T02:24:09.969Z
sample_01__cluster_040__0039__B__0039_B_020.wav,cluster_040/sample_01__cluster_040__0039__B__0039_B_020.wav,[uploaded]sample_01__cluster_040__0039__B__0039_B_020.wav,,1,2026-07-06T02:25:25.440Z
sample_02__cluster_040__0643__D__0643_D_002.wav,cluster_040/sample_02__cluster_040__0643__D__0643_D_002.wav,[uploaded]sample_02__cluster_040__0643__D__0643_D_002.wav,,1,2026-07-06T02:26:40.841Z
sample_03__cluster_040__0215__D__0215_D_008.wav,cluster_040/sample_03__cluster_040__0215__D__0215_D_008.wav,[uploaded]sample_03__cluster_040__0215__D__0215_D_008.wav,,1,2026-07-06T02:27:56.323Z
sample_03__cluster_047__0925__B__0925_B_015.wav,cluster_047/sample_03__cluster_047__0925__B__0925_B_015.wav,[uploaded]sample_03__cluster_047__0925__B__0925_B_015.wav,,1,2026-07-06T02:29:14.353Z
sample_01__cluster_047__0210__D__0210_D_005.wav,cluster_047/sample_01__cluster_047__0210__D__0210_D_005.wav,[uploaded]sample_01__cluster_047__0210__D__0210_D_005.wav,,1,2026-07-06T02:30:30.262Z
sample_02__cluster_047__0591__B__0591_B_009.wav,cluster_047/sample_02__cluster_047__0591__B__0591_B_009.wav,[uploaded]sample_02__cluster_047__0591__B__0591_B_009.wav,,1,2026-07-06T02:31:45.748Z
sample_03__cluster_078__0767__D__0767_D_018.wav,cluster_078/sample_03__cluster_078__0767__D__0767_D_018.wav,[uploaded]sample_03__cluster_078__0767__D__0767_D_018.wav,,1,2026-07-06T02:33:02.544Z
sample_02__cluster_078__1018__B__1018_B_024.wav,cluster_078/sample_02__cluster_078__1018__B__1018_B_024.wav,[uploaded]sample_02__cluster_078__1018__B__1018_B_024.wav,,1,2026-07-06T02:34:19.411Z
sample_01__cluster_078__0057__B__0057_B_007.wav,cluster_078/sample_01__cluster_078__0057__B__0057_B_007.wav,[uploaded]sample_01__cluster_078__0057__B__0057_B_007.wav,,1,2026-07-06T02:35:36.666Z
sample_02__cluster_013__0187__B__0187_B_014.wav,cluster_013/sample_02__cluster_013__0187__B__0187_B_014.wav,[uploaded]sample_02__cluster_013__0187__B__0187_B_014.wav,,1,2026-07-06T02:36:51.972Z
sample_03__cluster_013__0706__B__0706_B_011.wav,cluster_013/sample_03__cluster_013__0706__B__0706_B_011.wav,[uploaded]sample_03__cluster_013__0706__B__0706_B_011.wav,,1,2026-07-06T02:38:09.224Z
sample_01__cluster_013__0261__B__0261_B_010.wav,cluster_013/sample_01__cluster_013__0261__B__0261_B_010.wav,[uploaded]sample_01__cluster_013__0261__B__0261_B_010.wav,,1,2026-07-06T02:39:24.970Z
sample_02__cluster_221__0040__B__0040_B_012.wav,cluster_221/sample_02__cluster_221__0040__B__0040_B_012.wav,[uploaded]sample_02__cluster_221__0040__B__0040_B_012.wav,,1,2026-07-06T02:40:41.823Z
sample_03__cluster_221__0353__B__0353_B_020.wav,cluster_221/sample_03__cluster_221__0353__B__0353_B_020.wav,[uploaded]sample_03__cluster_221__0353__B__0353_B_020.wav,,1,2026-07-06T02:41:57.446Z
sample_01__cluster_221__0040__B__0040_B_024.wav,cluster_221/sample_01__cluster_221__0040__B__0040_B_024.wav,[uploaded]sample_01__cluster_221__0040__B__0040_B_024.wav,,1,2026-07-06T02:43:14.306Z
sample_01__cluster_219__0149__B__0149_B_010.wav,cluster_219/sample_01__cluster_219__0149__B__0149_B_010.wav,[uploaded]sample_01__cluster_219__0149__B__0149_B_010.wav,,1,2026-07-06T02:44:29.953Z
sample_02__cluster_219__1020__B__1020_B_003.wav,cluster_219/sample_02__cluster_219__1020__B__1020_B_003.wav,[uploaded]sample_02__cluster_219__1020__B__1020_B_003.wav,,1,2026-07-06T02:45:46.111Z
sample_03__cluster_219__0265__D__0265_D_003.wav,cluster_219/sample_03__cluster_219__0265__D__0265_D_003.wav,[uploaded]sample_03__cluster_219__0265__D__0265_D_003.wav,,1,2026-07-06T02:47:01.951Z
sample_02__cluster_226__0605__D__0605_D_012.wav,cluster_226/sample_02__cluster_226__0605__D__0605_D_012.wav,[uploaded]sample_02__cluster_226__0605__D__0605_D_012.wav,,1,2026-07-06T02:48:17.496Z
sample_01__cluster_226__0410__B__0410_B_020.wav,cluster_226/sample_01__cluster_226__0410__B__0410_B_020.wav,[uploaded]sample_01__cluster_226__0410__B__0410_B_020.wav,,1,2026-07-06T02:49:32.764Z
sample_03__cluster_226__0204__B__0204_B_027.wav,cluster_226/sample_03__cluster_226__0204__B__0204_B_027.wav,[uploaded]sample_03__cluster_226__0204__B__0204_B_027.wav,,1,2026-07-06T02:50:48.293Z
sample_01__cluster_014__0200__D__0200_D_006.wav,cluster_014/sample_01__cluster_014__0200__D__0200_D_006.wav,[uploaded]sample_01__cluster_014__0200__D__0200_D_006.wav,,1,2026-07-06T02:52:05.534Z
sample_02__cluster_014__0581__D__0581_D_001.wav,cluster_014/sample_02__cluster_014__0581__D__0581_D_001.wav,[uploaded]sample_02__cluster_014__0581__D__0581_D_001.wav,,1,2026-07-06T02:53:23.221Z
sample_03__cluster_014__0631__D__0631_D_003.wav,cluster_014/sample_03__cluster_014__0631__D__0631_D_003.wav,[uploaded]sample_03__cluster_014__0631__D__0631_D_003.wav,,1,2026-07-06T02:54:40.358Z
sample_03__cluster_210__0334__B__0334_B_010.wav,cluster_210/sample_03__cluster_210__0334__B__0334_B_010.wav,[uploaded]sample_03__cluster_210__0334__B__0334_B_010.wav,,1,2026-07-06T02:55:57.209Z
sample_02__cluster_210__0113__B__0113_B_008.wav,cluster_210/sample_02__cluster_210__0113__B__0113_B_008.wav,[uploaded]sample_02__cluster_210__0113__B__0113_B_008.wav,,1,2026-07-06T02:57:12.944Z
sample_01__cluster_210__0113__B__0113_B_005.wav,cluster_210/sample_01__cluster_210__0113__B__0113_B_005.wav,[uploaded]sample_01__cluster_210__0113__B__0113_B_005.wav,,1,2026-07-06T02:58:28.869Z
sample_02__cluster_022__0411__B__0411_B_019.wav,cluster_022/sample_02__cluster_022__0411__B__0411_B_019.wav,[uploaded]sample_02__cluster_022__0411__B__0411_B_019.wav,,1,2026-07-06T02:59:46.743Z
sample_03__cluster_022__0622__B__0622_B_022.wav,cluster_022/sample_03__cluster_022__0622__B__0622_B_022.wav,[uploaded]sample_03__cluster_022__0622__B__0622_B_022.wav,,1,2026-07-06T03:01:03.995Z
sample_01__cluster_022__0935__D__0935_D_001.wav,cluster_022/sample_01__cluster_022__0935__D__0935_D_001.wav,[uploaded]sample_01__cluster_022__0935__D__0935_D_001.wav,,1,2026-07-06T03:02:19.447Z
sample_03__cluster_228__1009__B__1009_B_012.wav,cluster_228/sample_03__cluster_228__1009__B__1009_B_012.wav,[uploaded]sample_03__cluster_228__1009__B__1009_B_012.wav,,1,2026-07-06T03:03:35.030Z
sample_01__cluster_228__0206__D__0206_D_008.wav,cluster_228/sample_01__cluster_228__0206__D__0206_D_008.wav,[uploaded]sample_01__cluster_228__0206__D__0206_D_008.wav,,1,2026-07-06T03:04:51.035Z
sample_02__cluster_228__0288__D__0288_D_000.wav,cluster_228/sample_02__cluster_228__0288__D__0288_D_000.wav,[uploaded]sample_02__cluster_228__0288__D__0288_D_000.wav,,1,2026-07-06T03:06:07.140Z
sample_01__cluster_025__0109__D__0109_D_028.wav,cluster_025/sample_01__cluster_025__0109__D__0109_D_028.wav,[uploaded]sample_01__cluster_025__0109__D__0109_D_028.wav,,1,2026-07-06T03:07:22.921Z
sample_02__cluster_025__0850__B__0850_B_009.wav,cluster_025/sample_02__cluster_025__0850__B__0850_B_009.wav,[uploaded]sample_02__cluster_025__0850__B__0850_B_009.wav,,1,2026-07-06T03:08:41.897Z
sample_03__cluster_025__0302__B__0302_B_015.wav,cluster_025/sample_03__cluster_025__0302__B__0302_B_015.wav,[uploaded]sample_03__cluster_025__0302__B__0302_B_015.wav,,1,2026-07-06T03:09:58.106Z
sample_01__cluster_217__0734__B__0734_B_000.wav,cluster_217/sample_01__cluster_217__0734__B__0734_B_000.wav,[uploaded]sample_01__cluster_217__0734__B__0734_B_000.wav,,1,2026-07-06T03:11:13.433Z
sample_03__cluster_217__0391__B__0391_B_022.wav,cluster_217/sample_03__cluster_217__0391__B__0391_B_022.wav,[uploaded]sample_03__cluster_217__0391__B__0391_B_022.wav,,1,2026-07-06T03:12:28.935Z
sample_02__cluster_217__0186__B__0186_B_044.wav,cluster_217/sample_02__cluster_217__0186__B__0186_B_044.wav,[uploaded]sample_02__cluster_217__0186__B__0186_B_044.wav,,1,2026-07-06T03:13:44.531Z
sample_03__cluster_157__0535__D__0535_D_003.wav,cluster_157/sample_03__cluster_157__0535__D__0535_D_003.wav,[uploaded]sample_03__cluster_157__0535__D__0535_D_003.wav,,1,2026-07-06T03:15:01.385Z
sample_01__cluster_157__0006__B__0006_B_019.wav,cluster_157/sample_01__cluster_157__0006__B__0006_B_019.wav,[uploaded]sample_01__cluster_157__0006__B__0006_B_019.wav,,1,2026-07-06T03:16:16.882Z
sample_02__cluster_157__0336__B__0336_B_004.wav,cluster_157/sample_02__cluster_157__0336__B__0336_B_004.wav,[uploaded]sample_02__cluster_157__0336__B__0336_B_004.wav,,1,2026-07-06T03:17:32.632Z
sample_03__cluster_168__0187__B__0187_B_019.wav,cluster_168/sample_03__cluster_168__0187__B__0187_B_019.wav,[uploaded]sample_03__cluster_168__0187__B__0187_B_019.wav,,1,2026-07-06T03:18:51.140Z
sample_01__cluster_168__0057__B__0057_B_005.wav,cluster_168/sample_01__cluster_168__0057__B__0057_B_005.wav,[uploaded]sample_01__cluster_168__0057__B__0057_B_005.wav,,1,2026-07-06T03:20:08.846Z
sample_02__cluster_168__0298__B__0298_B_001.wav,cluster_168/sample_02__cluster_168__0298__B__0298_B_001.wav,[uploaded]sample_02__cluster_168__0298__B__0298_B_001.wav,,1,2026-07-06T03:21:25.252Z
sample_01__cluster_150__0008__B__0008_B_054.wav,cluster_150/sample_01__cluster_150__0008__B__0008_B_054.wav,[uploaded]sample_01__cluster_150__0008__B__0008_B_054.wav,,1,2026-07-06T03:22:41.093Z
sample_02__cluster_150__0531__B__0531_B_003.wav,cluster_150/sample_02__cluster_150__0531__B__0531_B_003.wav,[uploaded]sample_02__cluster_150__0531__B__0531_B_003.wav,,1,2026-07-06T03:23:58.005Z
sample_03__cluster_150__0909__B__0909_B_002.wav,cluster_150/sample_03__cluster_150__0909__B__0909_B_002.wav,[uploaded]sample_03__cluster_150__0909__B__0909_B_002.wav,,1,2026-07-06T03:25:13.860Z
sample_02__cluster_166__0358__D__0358_D_019.wav,cluster_166/sample_02__cluster_166__0358__D__0358_D_019.wav,[uploaded]sample_02__cluster_166__0358__D__0358_D_019.wav,,1,2026-07-06T03:26:29.203Z
sample_03__cluster_166__0410__B__0410_B_044.wav,cluster_166/sample_03__cluster_166__0410__B__0410_B_044.wav,[uploaded]sample_03__cluster_166__0410__B__0410_B_044.wav,,1,2026-07-06T03:27:44.957Z
sample_01__cluster_166__0186__B__0186_B_038.wav,cluster_166/sample_01__cluster_166__0186__B__0186_B_038.wav,[uploaded]sample_01__cluster_166__0186__B__0186_B_038.wav,,1,2026-07-06T03:29:00.385Z
sample_01__cluster_192__0385__B__0385_B_000.wav,cluster_192/sample_01__cluster_192__0385__B__0385_B_000.wav,[uploaded]sample_01__cluster_192__0385__B__0385_B_000.wav,,1,2026-07-06T03:30:15.692Z
sample_03__cluster_192__0188__B__0188_B_014.wav,cluster_192/sample_03__cluster_192__0188__B__0188_B_014.wav,[uploaded]sample_03__cluster_192__0188__B__0188_B_014.wav,,1,2026-07-06T03:31:31.248Z
sample_02__cluster_192__0648__B__0648_B_011.wav,cluster_192/sample_02__cluster_192__0648__B__0648_B_011.wav,[uploaded]sample_02__cluster_192__0648__B__0648_B_011.wav,,1,2026-07-06T03:32:46.931Z
sample_01__cluster_159__0173__B__0173_B_003.wav,cluster_159/sample_01__cluster_159__0173__B__0173_B_003.wav,[uploaded]sample_01__cluster_159__0173__B__0173_B_003.wav,,1,2026-07-06T03:34:02.522Z
sample_02__cluster_159__0343__B__0343_B_011.wav,cluster_159/sample_02__cluster_159__0343__B__0343_B_011.wav,[uploaded]sample_02__cluster_159__0343__B__0343_B_011.wav,,1,2026-07-06T03:35:17.927Z
sample_03__cluster_159__0087__B__0087_B_000.wav,cluster_159/sample_03__cluster_159__0087__B__0087_B_000.wav,[uploaded]sample_03__cluster_159__0087__B__0087_B_000.wav,,1,2026-07-06T03:36:36.015Z
sample_03__cluster_195__0411__B__0411_B_011.wav,cluster_195/sample_03__cluster_195__0411__B__0411_B_011.wav,[uploaded]sample_03__cluster_195__0411__B__0411_B_011.wav,,1,2026-07-06T03:37:53.294Z
sample_01__cluster_195__0653__D__0653_D_009.wav,cluster_195/sample_01__cluster_195__0653__D__0653_D_009.wav,[uploaded]sample_01__cluster_195__0653__D__0653_D_009.wav,,1,2026-07-06T03:39:09.108Z
sample_02__cluster_195__0240__B__0240_B_030.wav,cluster_195/sample_02__cluster_195__0240__B__0240_B_030.wav,[uploaded]sample_02__cluster_195__0240__B__0240_B_030.wav,,1,2026-07-06T03:40:26.634Z
sample_02__cluster_161__0635__B__0635_B_012.wav,cluster_161/sample_02__cluster_161__0635__B__0635_B_012.wav,[uploaded]sample_02__cluster_161__0635__B__0635_B_012.wav,,1,2026-07-06T03:41:43.148Z
sample_03__cluster_161__0199__D__0199_D_001.wav,cluster_161/sample_03__cluster_161__0199__D__0199_D_001.wav,[uploaded]sample_03__cluster_161__0199__D__0199_D_001.wav,,1,2026-07-06T03:43:00.685Z
sample_01__cluster_161__0081__D__0081_D_001.wav,cluster_161/sample_01__cluster_161__0081__D__0081_D_001.wav,[uploaded]sample_01__cluster_161__0081__D__0081_D_001.wav,,1,2026-07-06T03:44:19.501Z
sample_02__cluster_135__0653__B__0653_B_009.wav,cluster_135/sample_02__cluster_135__0653__B__0653_B_009.wav,[uploaded]sample_02__cluster_135__0653__B__0653_B_009.wav,,1,2026-07-06T03:45:35.625Z
sample_01__cluster_135__0261__B__0261_B_009.wav,cluster_135/sample_01__cluster_135__0261__B__0261_B_009.wav,[uploaded]sample_01__cluster_135__0261__B__0261_B_009.wav,,1,2026-07-06T03:46:51.075Z
sample_03__cluster_135__0261__B__0261_B_014.wav,cluster_135/sample_03__cluster_135__0261__B__0261_B_014.wav,[uploaded]sample_03__cluster_135__0261__B__0261_B_014.wav,,1,2026-07-06T03:48:06.605Z
sample_01__cluster_132__0375__B__0375_B_010.wav,cluster_132/sample_01__cluster_132__0375__B__0375_B_010.wav,[uploaded]sample_01__cluster_132__0375__B__0375_B_010.wav,,1,2026-07-06T03:49:22.260Z
sample_03__cluster_132__1064__D__1064_D_015.wav,cluster_132/sample_03__cluster_132__1064__D__1064_D_015.wav,[uploaded]sample_03__cluster_132__1064__D__1064_D_015.wav,,1,2026-07-06T03:50:39.537Z
sample_02__cluster_132__1064__D__1064_D_010.wav,cluster_132/sample_02__cluster_132__1064__D__1064_D_010.wav,[uploaded]sample_02__cluster_132__1064__D__1064_D_010.wav,,1,2026-07-06T03:51:56.455Z
sample_03__cluster_104__0541__B__0541_B_028.wav,cluster_104/sample_03__cluster_104__0541__B__0541_B_028.wav,[uploaded]sample_03__cluster_104__0541__B__0541_B_028.wav,,1,2026-07-06T03:53:11.947Z
sample_02__cluster_104__0254__D__0254_D_015.wav,cluster_104/sample_02__cluster_104__0254__D__0254_D_015.wav,[uploaded]sample_02__cluster_104__0254__D__0254_D_015.wav,,1,2026-07-06T03:54:27.335Z
sample_01__cluster_104__0254__B__0254_B_008.wav,cluster_104/sample_01__cluster_104__0254__B__0254_B_008.wav,[uploaded]sample_01__cluster_104__0254__B__0254_B_008.wav,,1,2026-07-06T03:55:42.682Z
sample_02__cluster_103__0148__B__0148_B_005.wav,cluster_103/sample_02__cluster_103__0148__B__0148_B_005.wav,[uploaded]sample_02__cluster_103__0148__B__0148_B_005.wav,,1,2026-07-06T03:56:59.731Z
sample_03__cluster_103__0639__B__0639_B_007.wav,cluster_103/sample_03__cluster_103__0639__B__0639_B_007.wav,[uploaded]sample_03__cluster_103__0639__B__0639_B_007.wav,,1,2026-07-06T03:58:15.710Z
sample_01__cluster_103__0639__B__0639_B_000.wav,cluster_103/sample_01__cluster_103__0639__B__0639_B_000.wav,[uploaded]sample_01__cluster_103__0639__B__0639_B_000.wav,,1,2026-07-06T03:59:33.119Z
sample_02__cluster_160__1069__D__1069_D_011.wav,cluster_160/sample_02__cluster_160__1069__D__1069_D_011.wav,[uploaded]sample_02__cluster_160__1069__D__1069_D_011.wav,,1,2026-07-06T04:00:50.707Z
sample_03__cluster_160__0838__D__0838_D_001.wav,cluster_160/sample_03__cluster_160__0838__D__0838_D_001.wav,[uploaded]sample_03__cluster_160__0838__D__0838_D_001.wav,,1,2026-07-06T04:02:06.712Z
sample_01__cluster_160__0228__D__0228_D_011.wav,cluster_160/sample_01__cluster_160__0228__D__0228_D_011.wav,[uploaded]sample_01__cluster_160__0228__D__0228_D_011.wav,,1,2026-07-06T04:03:23.553Z
sample_01__cluster_194__0233__D__0233_D_004.wav,cluster_194/sample_01__cluster_194__0233__D__0233_D_004.wav,[uploaded]sample_01__cluster_194__0233__D__0233_D_004.wav,,1,2026-07-06T04:04:39.622Z
sample_03__cluster_194__0102__B__0102_B_034.wav,cluster_194/sample_03__cluster_194__0102__B__0102_B_034.wav,[uploaded]sample_03__cluster_194__0102__B__0102_B_034.wav,,1,2026-07-06T04:05:57.565Z
sample_02__cluster_194__0209__B__0209_B_014.wav,cluster_194/sample_02__cluster_194__0209__B__0209_B_014.wav,[uploaded]sample_02__cluster_194__0209__B__0209_B_014.wav,,1,2026-07-06T04:07:13.282Z
sample_01__cluster_193__0066__B__0066_B_010.wav,cluster_193/sample_01__cluster_193__0066__B__0066_B_010.wav,[uploaded]sample_01__cluster_193__0066__B__0066_B_010.wav,,1,2026-07-06T04:08:28.812Z
sample_02__cluster_193__0386__B__0386_B_029.wav,cluster_193/sample_02__cluster_193__0386__B__0386_B_029.wav,[uploaded]sample_02__cluster_193__0386__B__0386_B_029.wav,,1,2026-07-06T04:09:44.293Z
sample_03__cluster_193__0385__B__0385_B_053.wav,cluster_193/sample_03__cluster_193__0385__B__0385_B_053.wav,[uploaded]sample_03__cluster_193__0385__B__0385_B_053.wav,,1,2026-07-06T04:10:59.935Z
sample_01__cluster_167__0335__B__0335_B_008.wav,cluster_167/sample_01__cluster_167__0335__B__0335_B_008.wav,[uploaded]sample_01__cluster_167__0335__B__0335_B_008.wav,,1,2026-07-06T04:12:15.234Z
sample_02__cluster_167__0179__D__0179_D_018.wav,cluster_167/sample_02__cluster_167__0179__D__0179_D_018.wav,[uploaded]sample_02__cluster_167__0179__D__0179_D_018.wav,,1,2026-07-06T04:13:30.634Z
sample_03__cluster_167__0098__D__0098_D_005.wav,cluster_167/sample_03__cluster_167__0098__D__0098_D_005.wav,[uploaded]sample_03__cluster_167__0098__D__0098_D_005.wav,,1,2026-07-06T04:14:46.174Z
sample_03__cluster_158__0198__D__0198_D_008.wav,cluster_158/sample_03__cluster_158__0198__D__0198_D_008.wav,[uploaded]sample_03__cluster_158__0198__D__0198_D_008.wav,,1,2026-07-06T04:16:03.882Z
sample_02__cluster_158__0115__B__0115_B_001.wav,cluster_158/sample_02__cluster_158__0115__B__0115_B_001.wav,[uploaded]sample_02__cluster_158__0115__B__0115_B_001.wav,,1,2026-07-06T04:17:20.373Z
sample_01__cluster_158__0997__B__0997_B_013.wav,cluster_158/sample_01__cluster_158__0997__B__0997_B_013.wav,[uploaded]sample_01__cluster_158__0997__B__0997_B_013.wav,,1,2026-07-06T04:18:37.889Z
sample_02__cluster_151__1045__B__1045_B_006.wav,cluster_151/sample_02__cluster_151__1045__B__1045_B_006.wav,[uploaded]sample_02__cluster_151__1045__B__1045_B_006.wav,,1,2026-07-06T04:19:54.264Z
sample_03__cluster_151__1045__B__1045_B_013.wav,cluster_151/sample_03__cluster_151__1045__B__1045_B_013.wav,[uploaded]sample_03__cluster_151__1045__B__1045_B_013.wav,,1,2026-07-06T04:21:11.258Z
sample_01__cluster_151__1045__B__1045_B_017.wav,cluster_151/sample_01__cluster_151__1045__B__1045_B_017.wav,[uploaded]sample_01__cluster_151__1045__B__1045_B_017.wav,,1,2026-07-06T04:22:28.546Z
sample_02__cluster_156__0336__B__0336_B_009.wav,cluster_156/sample_02__cluster_156__0336__B__0336_B_009.wav,[uploaded]sample_02__cluster_156__0336__B__0336_B_009.wav,,1,2026-07-06T04:23:44.436Z
sample_01__cluster_156__0263__B__0263_B_037.wav,cluster_156/sample_01__cluster_156__0263__B__0263_B_037.wav,[uploaded]sample_01__cluster_156__0263__B__0263_B_037.wav,,1,2026-07-06T04:24:59.931Z
sample_03__cluster_156__0098__B__0098_B_011.wav,cluster_156/sample_03__cluster_156__0098__B__0098_B_011.wav,[uploaded]sample_03__cluster_156__0098__B__0098_B_011.wav,,1,2026-07-06T04:26:15.674Z
sample_01__cluster_169__1017__B__1017_B_011.wav,cluster_169/sample_01__cluster_169__1017__B__1017_B_011.wav,[uploaded]sample_01__cluster_169__1017__B__1017_B_011.wav,,1,2026-07-06T04:27:32.948Z
sample_03__cluster_169__0672__B__0672_B_022.wav,cluster_169/sample_03__cluster_169__0672__B__0672_B_022.wav,[uploaded]sample_03__cluster_169__0672__B__0672_B_022.wav,,1,2026-07-06T04:28:48.454Z
sample_02__cluster_169__0658__B__0658_B_029.wav,cluster_169/sample_02__cluster_169__0658__B__0658_B_029.wav,[uploaded]sample_02__cluster_169__0658__B__0658_B_029.wav,,1,2026-07-06T04:30:04.367Z
sample_01__cluster_102__0429__B__0429_B_004.wav,cluster_102/sample_01__cluster_102__0429__B__0429_B_004.wav,[uploaded]sample_01__cluster_102__0429__B__0429_B_004.wav,,1,2026-07-06T04:31:20.407Z
sample_03__cluster_102__0585__B__0585_B_005.wav,cluster_102/sample_03__cluster_102__0585__B__0585_B_005.wav,[uploaded]sample_03__cluster_102__0585__B__0585_B_005.wav,,1,2026-07-06T04:32:37.145Z
sample_02__cluster_102__0582__B__0582_B_010.wav,cluster_102/sample_02__cluster_102__0582__B__0582_B_010.wav,[uploaded]sample_02__cluster_102__0582__B__0582_B_010.wav,,1,2026-07-06T04:33:54.413Z
sample_02__cluster_105__0582__D__0582_D_018.wav,cluster_105/sample_02__cluster_105__0582__D__0582_D_018.wav,[uploaded]sample_02__cluster_105__0582__D__0582_D_018.wav,,1,2026-07-06T04:35:10.141Z
sample_01__cluster_105__0707__B__0707_B_014.wav,cluster_105/sample_01__cluster_105__0707__B__0707_B_014.wav,[uploaded]sample_01__cluster_105__0707__B__0707_B_014.wav,,1,2026-07-06T04:36:26.107Z
sample_03__cluster_105__0188__D__0188_D_010.wav,cluster_105/sample_03__cluster_105__0188__D__0188_D_010.wav,[uploaded]sample_03__cluster_105__0188__D__0188_D_010.wav,,1,2026-07-06T04:37:42.149Z
sample_02__cluster_133__1076__B__1076_B_019.wav,cluster_133/sample_02__cluster_133__1076__B__1076_B_019.wav,[uploaded]sample_02__cluster_133__1076__B__1076_B_019.wav,,1,2026-07-06T04:38:58.051Z
sample_03__cluster_133__1076__B__1076_B_023.wav,cluster_133/sample_03__cluster_133__1076__B__1076_B_023.wav,[uploaded]sample_03__cluster_133__1076__B__1076_B_023.wav,,1,2026-07-06T04:40:14.016Z
sample_01__cluster_133__1076__B__1076_B_017.wav,cluster_133/sample_01__cluster_133__1076__B__1076_B_017.wav,[uploaded]sample_01__cluster_133__1076__B__1076_B_017.wav,,1,2026-07-06T04:41:29.613Z
sample_02__cluster_134__0807__D__0807_D_009.wav,cluster_134/sample_02__cluster_134__0807__D__0807_D_009.wav,[uploaded]sample_02__cluster_134__0807__D__0807_D_009.wav,,1,2026-07-06T04:42:47.168Z
sample_01__cluster_134__0842__B__0842_B_023.wav,cluster_134/sample_01__cluster_134__0842__B__0842_B_023.wav,[uploaded]sample_01__cluster_134__0842__B__0842_B_023.wav,,1,2026-07-06T04:44:03.202Z
sample_03__cluster_134__0872__B__0872_B_000.wav,cluster_134/sample_03__cluster_134__0872__B__0872_B_000.wav,[uploaded]sample_03__cluster_134__0872__B__0872_B_000.wav,,1,2026-07-06T04:45:18.854Z
sample_03__cluster_184__0410__B__0410_B_005.wav,cluster_184/sample_03__cluster_184__0410__B__0410_B_005.wav,[uploaded]sample_03__cluster_184__0410__B__0410_B_005.wav,,1,2026-07-06T04:46:34.198Z
sample_01__cluster_184__1006__B__1006_B_013.wav,cluster_184/sample_01__cluster_184__1006__B__1006_B_013.wav,[uploaded]sample_01__cluster_184__1006__B__1006_B_013.wav,,1,2026-07-06T04:47:49.904Z
sample_02__cluster_184__0557__B__0557_B_015.wav,cluster_184/sample_02__cluster_184__0557__B__0557_B_015.wav,[uploaded]sample_02__cluster_184__0557__B__0557_B_015.wav,,1,2026-07-06T04:49:05.726Z
sample_01__cluster_170__0483__B__0483_B_007.wav,cluster_170/sample_01__cluster_170__0483__B__0483_B_007.wav,[uploaded]sample_01__cluster_170__0483__B__0483_B_007.wav,,1,2026-07-06T04:50:21.182Z
sample_02__cluster_170__0265__D__0265_D_002.wav,cluster_170/sample_02__cluster_170__0265__D__0265_D_002.wav,[uploaded]sample_02__cluster_170__0265__D__0265_D_002.wav,,1,2026-07-06T04:51:38.704Z
sample_03__cluster_170__1045__B__1045_B_001.wav,cluster_170/sample_03__cluster_170__1045__B__1045_B_001.wav,[uploaded]sample_03__cluster_170__1045__B__1045_B_001.wav,,1,2026-07-06T04:52:56.263Z
sample_03__cluster_148__0909__B__0909_B_030.wav,cluster_148/sample_03__cluster_148__0909__B__0909_B_030.wav,[uploaded]sample_03__cluster_148__0909__B__0909_B_030.wav,,1,2026-07-06T04:54:12.083Z
sample_02__cluster_148__0909__B__0909_B_009.wav,cluster_148/sample_02__cluster_148__0909__B__0909_B_009.wav,[uploaded]sample_02__cluster_148__0909__B__0909_B_009.wav,,1,2026-07-06T04:55:29.376Z
sample_01__cluster_148__0909__B__0909_B_008.wav,cluster_148/sample_01__cluster_148__0909__B__0909_B_008.wav,[uploaded]sample_01__cluster_148__0909__B__0909_B_008.wav,,1,2026-07-06T04:56:45.179Z
sample_02__cluster_177__0098__B__0098_B_015.wav,cluster_177/sample_02__cluster_177__0098__B__0098_B_015.wav,[uploaded]sample_02__cluster_177__0098__B__0098_B_015.wav,,1,2026-07-06T04:58:00.984Z
sample_01__cluster_177__0284__B__0284_B_007.wav,cluster_177/sample_01__cluster_177__0284__B__0284_B_007.wav,[uploaded]sample_01__cluster_177__0284__B__0284_B_007.wav,,1,2026-07-06T04:59:16.807Z
sample_03__cluster_177__0284__B__0284_B_012.wav,cluster_177/sample_03__cluster_177__0284__B__0284_B_012.wav,[uploaded]sample_03__cluster_177__0284__B__0284_B_012.wav,,1,2026-07-06T05:00:34.125Z
sample_03__cluster_183__0101__D__0101_D_007.wav,cluster_183/sample_03__cluster_183__0101__D__0101_D_007.wav,[uploaded]sample_03__cluster_183__0101__D__0101_D_007.wav,,1,2026-07-06T05:01:50.176Z
sample_01__cluster_183__0357__B__0357_B_011.wav,cluster_183/sample_01__cluster_183__0357__B__0357_B_011.wav,[uploaded]sample_01__cluster_183__0357__B__0357_B_011.wav,,1,2026-07-06T05:03:06.888Z
sample_02__cluster_183__0109__D__0109_D_003.wav,cluster_183/sample_02__cluster_183__0109__D__0109_D_003.wav,[uploaded]sample_02__cluster_183__0109__D__0109_D_003.wav,,1,2026-07-06T05:04:24.823Z
sample_01__cluster_141__0406__D__0406_D_020.wav,cluster_141/sample_01__cluster_141__0406__D__0406_D_020.wav,[uploaded]sample_01__cluster_141__0406__D__0406_D_020.wav,,1,2026-07-06T05:05:40.584Z
sample_02__cluster_141__0379__D__0379_D_004.wav,cluster_141/sample_02__cluster_141__0379__D__0379_D_004.wav,[uploaded]sample_02__cluster_141__0379__D__0379_D_004.wav,,1,2026-07-06T05:06:56.049Z
sample_03__cluster_141__0379__B__0379_B_009.wav,cluster_141/sample_03__cluster_141__0379__B__0379_B_009.wav,[uploaded]sample_03__cluster_141__0379__B__0379_B_009.wav,,1,2026-07-06T05:08:11.503Z
sample_01__cluster_179__0971__B__0971_B_011.wav,cluster_179/sample_01__cluster_179__0971__B__0971_B_011.wav,[uploaded]sample_01__cluster_179__0971__B__0971_B_011.wav,,1,2026-07-06T05:09:27.119Z
sample_03__cluster_179__0060__B__0060_B_028.wav,cluster_179/sample_03__cluster_179__0060__B__0060_B_028.wav,[uploaded]sample_03__cluster_179__0060__B__0060_B_028.wav,,1,2026-07-06T05:10:44.648Z
sample_02__cluster_179__0926__B__0926_B_001.wav,cluster_179/sample_02__cluster_179__0926__B__0926_B_001.wav,[uploaded]sample_02__cluster_179__0926__B__0926_B_001.wav,,1,2026-07-06T05:12:02.800Z
sample_01__cluster_146__0197__B__0197_B_030.wav,cluster_146/sample_01__cluster_146__0197__B__0197_B_030.wav,[uploaded]sample_01__cluster_146__0197__B__0197_B_030.wav,,1,2026-07-06T05:13:18.213Z
sample_02__cluster_146__0333__D__0333_D_006.wav,cluster_146/sample_02__cluster_146__0333__D__0333_D_006.wav,[uploaded]sample_02__cluster_146__0333__D__0333_D_006.wav,,1,2026-07-06T05:14:35.120Z
sample_03__cluster_146__0263__B__0263_B_045.wav,cluster_146/sample_03__cluster_146__0263__B__0263_B_045.wav,[uploaded]sample_03__cluster_146__0263__B__0263_B_045.wav,,1,2026-07-06T05:15:52.585Z
sample_03__cluster_112__0443__D__0443_D_012.wav,cluster_112/sample_03__cluster_112__0443__D__0443_D_012.wav,[uploaded]sample_03__cluster_112__0443__D__0443_D_012.wav,,1,2026-07-06T05:17:09.485Z
sample_01__cluster_112__0443__D__0443_D_006.wav,cluster_112/sample_01__cluster_112__0443__D__0443_D_006.wav,[uploaded]sample_01__cluster_112__0443__D__0443_D_006.wav,,1,2026-07-06T05:18:27.399Z
sample_02__cluster_112__0443__D__0443_D_009.wav,cluster_112/sample_02__cluster_112__0443__D__0443_D_009.wav,[uploaded]sample_02__cluster_112__0443__D__0443_D_009.wav,,1,2026-07-06T05:19:44.055Z
sample_01__cluster_115__0179__D__0179_D_016.wav,cluster_115/sample_01__cluster_115__0179__D__0179_D_016.wav,[uploaded]sample_01__cluster_115__0179__D__0179_D_016.wav,,1,2026-07-06T05:20:59.556Z
sample_02__cluster_115__0179__D__0179_D_017.wav,cluster_115/sample_02__cluster_115__0179__D__0179_D_017.wav,[uploaded]sample_02__cluster_115__0179__D__0179_D_017.wav,,1,2026-07-06T05:22:16.786Z
sample_03__cluster_115__0179__D__0179_D_011.wav,cluster_115/sample_03__cluster_115__0179__D__0179_D_011.wav,[uploaded]sample_03__cluster_115__0179__D__0179_D_011.wav,,1,2026-07-06T05:23:32.403Z
sample_01__cluster_123__0680__B__0680_B_024.wav,cluster_123/sample_01__cluster_123__0680__B__0680_B_024.wav,[uploaded]sample_01__cluster_123__0680__B__0680_B_024.wav,,1,2026-07-06T05:24:48.098Z
sample_02__cluster_123__0344__B__0344_B_010.wav,cluster_123/sample_02__cluster_123__0344__B__0344_B_010.wav,[uploaded]sample_02__cluster_123__0344__B__0344_B_010.wav,,1,2026-07-06T05:26:04.016Z
sample_03__cluster_123__0318__B__0318_B_031.wav,cluster_123/sample_03__cluster_123__0318__B__0318_B_031.wav,[uploaded]sample_03__cluster_123__0318__B__0318_B_031.wav,,1,2026-07-06T05:27:19.643Z
sample_01__cluster_124__0117__B__0117_B_009.wav,cluster_124/sample_01__cluster_124__0117__B__0117_B_009.wav,[uploaded]sample_01__cluster_124__0117__B__0117_B_009.wav,,1,2026-07-06T05:28:35.039Z
sample_03__cluster_124__0186__B__0186_B_058.wav,cluster_124/sample_03__cluster_124__0186__B__0186_B_058.wav,[uploaded]sample_03__cluster_124__0186__B__0186_B_058.wav,,1,2026-07-06T05:29:50.634Z
sample_02__cluster_124__0688__D__0688_D_006.wav,cluster_124/sample_02__cluster_124__0688__D__0688_D_006.wav,[uploaded]sample_02__cluster_124__0688__D__0688_D_006.wav,,1,2026-07-06T05:31:06.067Z
sample_03__cluster_178__0669__B__0669_B_014.wav,cluster_178/sample_03__cluster_178__0669__B__0669_B_014.wav,[uploaded]sample_03__cluster_178__0669__B__0669_B_014.wav,,1,2026-07-06T05:32:24.182Z
sample_02__cluster_178__0643__B__0643_B_013.wav,cluster_178/sample_02__cluster_178__0643__B__0643_B_013.wav,[uploaded]sample_02__cluster_178__0643__B__0643_B_013.wav,,1,2026-07-06T05:33:39.794Z
sample_01__cluster_178__0158__D__0158_D_012.wav,cluster_178/sample_01__cluster_178__0158__D__0158_D_012.wav,[uploaded]sample_01__cluster_178__0158__D__0158_D_012.wav,,1,2026-07-06T05:34:55.542Z
sample_01__cluster_147__0379__B__0379_B_027.wav,cluster_147/sample_01__cluster_147__0379__B__0379_B_027.wav,[uploaded]sample_01__cluster_147__0379__B__0379_B_027.wav,,1,2026-07-06T05:36:10.893Z
sample_03__cluster_147__0971__B__0971_B_025.wav,cluster_147/sample_03__cluster_147__0971__B__0971_B_025.wav,[uploaded]sample_03__cluster_147__0971__B__0971_B_025.wav,,1,2026-07-06T05:37:26.522Z
sample_02__cluster_147__0877__B__0877_B_010.wav,cluster_147/sample_02__cluster_147__0877__B__0877_B_010.wav,[uploaded]sample_02__cluster_147__0877__B__0877_B_010.wav,,1,2026-07-06T05:38:42.350Z
sample_03__cluster_140__0158__B__0158_B_014.wav,cluster_140/sample_03__cluster_140__0158__B__0158_B_014.wav,[uploaded]sample_03__cluster_140__0158__B__0158_B_014.wav,,1,2026-07-06T05:39:58.597Z
sample_01__cluster_140__0628__B__0628_B_011.wav,cluster_140/sample_01__cluster_140__0628__B__0628_B_011.wav,[uploaded]sample_01__cluster_140__0628__B__0628_B_011.wav,,1,2026-07-06T05:41:15.386Z
sample_02__cluster_140__0223__D__0223_D_012.wav,cluster_140/sample_02__cluster_140__0223__D__0223_D_012.wav,[uploaded]sample_02__cluster_140__0223__D__0223_D_012.wav,,1,2026-07-06T05:42:32.258Z
sample_01__cluster_149__0398__B__0398_B_015.wav,cluster_149/sample_01__cluster_149__0398__B__0398_B_015.wav,[uploaded]sample_01__cluster_149__0398__B__0398_B_015.wav,,1,2026-07-06T05:43:47.734Z
sample_02__cluster_149__0336__B__0336_B_010.wav,cluster_149/sample_02__cluster_149__0336__B__0336_B_010.wav,[uploaded]sample_02__cluster_149__0336__B__0336_B_010.wav,,1,2026-07-06T05:45:03.370Z
sample_03__cluster_149__0217__B__0217_B_013.wav,cluster_149/sample_03__cluster_149__0217__B__0217_B_013.wav,[uploaded]sample_03__cluster_149__0217__B__0217_B_013.wav,,1,2026-07-06T05:46:19.028Z
sample_01__cluster_182__0175__B__0175_B_018.wav,cluster_182/sample_01__cluster_182__0175__B__0175_B_018.wav,[uploaded]sample_01__cluster_182__0175__B__0175_B_018.wav,,1,2026-07-06T05:47:34.801Z
sample_02__cluster_182__0202__B__0202_B_037.wav,cluster_182/sample_02__cluster_182__0202__B__0202_B_037.wav,[uploaded]sample_02__cluster_182__0202__B__0202_B_037.wav,,1,2026-07-06T05:48:50.330Z
sample_03__cluster_182__0310__B__0310_B_005.wav,cluster_182/sample_03__cluster_182__0310__B__0310_B_005.wav,[uploaded]sample_03__cluster_182__0310__B__0310_B_005.wav,,1,2026-07-06T05:50:06.157Z
